stat,raw_value,agg_value
DISPATCHED_INST,5090,5090
DISPATCH_WAIT,110161,21.6426
NUM_NO_FETCH_CYCLES,541,541
AVG_CORE_IDLE_CYCLE,401,401
REEXEC_NUM,0,0
INV_MATCH_NUM,0,0
EARLY_PERM_NUM,0,0
PERM_MATCH_NUM,0,0
RETIRE_SPECLD_NUM,0,0
RETIRE_SPECST_NUM,0,0
FENCE_HEAD_ROB_WAIT,0,0
NUM_SAMPLES_CORE_0,6242,6242
NUM_ACTIVE_BLOCKS_CORE_0,6241,0.99984
NUM_ACTIVE_THREADS_CORE_0,194897,31.2235
NUM_SCHED_IDLE_CYCLE_CORE_0,0,0
NUM_NO_SCHED_CYCLE_CORE_0,401,401
CORE_DISPATCHED_INST_CORE_0,5090,5090
CORE_DISPATCH_WAIT_CORE_0,110161,21.6426
CORE_CYCLES_CORE_0,0,0
CORE_SCHED_THREADS_CORE_0,0,NaN
CORE_NUM_NO_FETCH_CYCLES_CORE_0,541,541
CORE_NUM_NO_FETCH_CYCLES_WITH_READY_THREADS_CORE_0,0,0
CORE_NUM_FETCH_CYCLES_CORE_0,0,0
CORE_FETCH_DELTA_CORE_0,0,NaN
CORE_NUM_RETIRE_CYCLES_CORE_0,0,0
CORE_RETIRE_DELTA_CORE_0,0,NaN
FENCE_PREF_REQ_CORE_0,0,0
FENCE_WAITING_CORE_0,0,0
DYN_FENCE_NUM_CORE_0,0,0
WB_ORDERING_STALL_CORE_0,0,0
WB_FULL_CORE_0,0,0
FENCE_TOT_CYCLES_CORE_0,0,0
FENCE_EXEC_CYCLES_CORE_0,0,0
STORE_RES_CORE_0,0,0
STORE_NUM_CORE_0,0,0
STORE_WB_FREE_CORE_0,0,0
SCHED_FAILED_REASON_SUCCESS_CORE_0,5090,26.2683%
SCHED_FAILED_OPERANDS_NOT_READY_CORE_0,6497,33.5294%
SCHED_FAILED_NO_AVAILABLE_PORTS_CORE_0,7790,40.2023%
SCHED_FAILED_NO_MEM_REQ_SLOTS_CORE_0,0,0%
SCHED_FAILED_NO_AVAILABLE_SIMD_UNIT_CORE_0,0,0%
SCHED_FAILED_FENCE_ACTIVE_CORE_0,0,0%
SCHED_FAILED_MEM_MANAGEMENT_CORE_0,0,0%
NUM_SAMPLES_CORE_1,0,0
NUM_ACTIVE_BLOCKS_CORE_1,0,NaN
NUM_ACTIVE_THREADS_CORE_1,0,NaN
NUM_SCHED_IDLE_CYCLE_CORE_1,0,0
NUM_NO_SCHED_CYCLE_CORE_1,0,0
CORE_DISPATCHED_INST_CORE_1,0,0
CORE_DISPATCH_WAIT_CORE_1,0,NaN
CORE_CYCLES_CORE_1,0,0
CORE_SCHED_THREADS_CORE_1,0,NaN
CORE_NUM_NO_FETCH_CYCLES_CORE_1,0,0
CORE_NUM_NO_FETCH_CYCLES_WITH_READY_THREADS_CORE_1,0,0
CORE_NUM_FETCH_CYCLES_CORE_1,0,0
CORE_FETCH_DELTA_CORE_1,0,NaN
CORE_NUM_RETIRE_CYCLES_CORE_1,0,0
CORE_RETIRE_DELTA_CORE_1,0,NaN
FENCE_PREF_REQ_CORE_1,0,0
FENCE_WAITING_CORE_1,0,0
DYN_FENCE_NUM_CORE_1,0,0
WB_ORDERING_STALL_CORE_1,0,0
WB_FULL_CORE_1,0,0
FENCE_TOT_CYCLES_CORE_1,0,0
FENCE_EXEC_CYCLES_CORE_1,0,0
STORE_RES_CORE_1,0,0
STORE_NUM_CORE_1,0,0
STORE_WB_FREE_CORE_1,0,0
NUM_SAMPLES_CORE_2,0,0
NUM_ACTIVE_BLOCKS_CORE_2,0,NaN
NUM_ACTIVE_THREADS_CORE_2,0,NaN
NUM_SCHED_IDLE_CYCLE_CORE_2,0,0
NUM_NO_SCHED_CYCLE_CORE_2,0,0
CORE_DISPATCHED_INST_CORE_2,0,0
CORE_DISPATCH_WAIT_CORE_2,0,NaN
CORE_CYCLES_CORE_2,0,0
CORE_SCHED_THREADS_CORE_2,0,NaN
CORE_NUM_NO_FETCH_CYCLES_CORE_2,0,0
CORE_NUM_NO_FETCH_CYCLES_WITH_READY_THREADS_CORE_2,0,0
CORE_NUM_FETCH_CYCLES_CORE_2,0,0
CORE_FETCH_DELTA_CORE_2,0,NaN
CORE_NUM_RETIRE_CYCLES_CORE_2,0,0
CORE_RETIRE_DELTA_CORE_2,0,NaN
FENCE_PREF_REQ_CORE_2,0,0
FENCE_WAITING_CORE_2,0,0
DYN_FENCE_NUM_CORE_2,0,0
WB_ORDERING_STALL_CORE_2,0,0
WB_FULL_CORE_2,0,0
FENCE_TOT_CYCLES_CORE_2,0,0
FENCE_EXEC_CYCLES_CORE_2,0,0
STORE_RES_CORE_2,0,0
STORE_NUM_CORE_2,0,0
STORE_WB_FREE_CORE_2,0,0
NUM_SAMPLES_CORE_3,0,0
NUM_ACTIVE_BLOCKS_CORE_3,0,NaN
NUM_ACTIVE_THREADS_CORE_3,0,NaN
NUM_SCHED_IDLE_CYCLE_CORE_3,0,0
NUM_NO_SCHED_CYCLE_CORE_3,0,0
CORE_DISPATCHED_INST_CORE_3,0,0
CORE_DISPATCH_WAIT_CORE_3,0,NaN
CORE_CYCLES_CORE_3,0,0
CORE_SCHED_THREADS_CORE_3,0,NaN
CORE_NUM_NO_FETCH_CYCLES_CORE_3,0,0
CORE_NUM_NO_FETCH_CYCLES_WITH_READY_THREADS_CORE_3,0,0
CORE_NUM_FETCH_CYCLES_CORE_3,0,0
CORE_FETCH_DELTA_CORE_3,0,NaN
CORE_NUM_RETIRE_CYCLES_CORE_3,0,0
CORE_RETIRE_DELTA_CORE_3,0,NaN
FENCE_PREF_REQ_CORE_3,0,0
FENCE_WAITING_CORE_3,0,0
DYN_FENCE_NUM_CORE_3,0,0
WB_ORDERING_STALL_CORE_3,0,0
WB_FULL_CORE_3,0,0
FENCE_TOT_CYCLES_CORE_3,0,0
FENCE_EXEC_CYCLES_CORE_3,0,0
STORE_RES_CORE_3,0,0
STORE_NUM_CORE_3,0,0
STORE_WB_FREE_CORE_3,0,0
NUM_SAMPLES_CORE_4,0,0
NUM_ACTIVE_BLOCKS_CORE_4,0,NaN
NUM_ACTIVE_THREADS_CORE_4,0,NaN
NUM_SCHED_IDLE_CYCLE_CORE_4,0,0
NUM_NO_SCHED_CYCLE_CORE_4,0,0
CORE_DISPATCHED_INST_CORE_4,0,0
CORE_DISPATCH_WAIT_CORE_4,0,NaN
CORE_CYCLES_CORE_4,0,0
CORE_SCHED_THREADS_CORE_4,0,NaN
CORE_NUM_NO_FETCH_CYCLES_CORE_4,0,0
CORE_NUM_NO_FETCH_CYCLES_WITH_READY_THREADS_CORE_4,0,0
CORE_NUM_FETCH_CYCLES_CORE_4,0,0
CORE_FETCH_DELTA_CORE_4,0,NaN
CORE_NUM_RETIRE_CYCLES_CORE_4,0,0
CORE_RETIRE_DELTA_CORE_4,0,NaN
FENCE_PREF_REQ_CORE_4,0,0
FENCE_WAITING_CORE_4,0,0
DYN_FENCE_NUM_CORE_4,0,0
WB_ORDERING_STALL_CORE_4,0,0
WB_FULL_CORE_4,0,0
FENCE_TOT_CYCLES_CORE_4,0,0
FENCE_EXEC_CYCLES_CORE_4,0,0
STORE_RES_CORE_4,0,0
STORE_NUM_CORE_4,0,0
STORE_WB_FREE_CORE_4,0,0
NUM_SAMPLES_CORE_5,0,0
NUM_ACTIVE_BLOCKS_CORE_5,0,NaN
NUM_ACTIVE_THREADS_CORE_5,0,NaN
NUM_SCHED_IDLE_CYCLE_CORE_5,0,0
NUM_NO_SCHED_CYCLE_CORE_5,0,0
CORE_DISPATCHED_INST_CORE_5,0,0
CORE_DISPATCH_WAIT_CORE_5,0,NaN
CORE_CYCLES_CORE_5,0,0
CORE_SCHED_THREADS_CORE_5,0,NaN
CORE_NUM_NO_FETCH_CYCLES_CORE_5,0,0
CORE_NUM_NO_FETCH_CYCLES_WITH_READY_THREADS_CORE_5,0,0
CORE_NUM_FETCH_CYCLES_CORE_5,0,0
CORE_FETCH_DELTA_CORE_5,0,NaN
CORE_NUM_RETIRE_CYCLES_CORE_5,0,0
CORE_RETIRE_DELTA_CORE_5,0,NaN
FENCE_PREF_REQ_CORE_5,0,0
FENCE_WAITING_CORE_5,0,0
DYN_FENCE_NUM_CORE_5,0,0
WB_ORDERING_STALL_CORE_5,0,0
WB_FULL_CORE_5,0,0
FENCE_TOT_CYCLES_CORE_5,0,0
FENCE_EXEC_CYCLES_CORE_5,0,0
STORE_RES_CORE_5,0,0
STORE_NUM_CORE_5,0,0
STORE_WB_FREE_CORE_5,0,0
NUM_SAMPLES_CORE_6,0,0
NUM_ACTIVE_BLOCKS_CORE_6,0,NaN
NUM_ACTIVE_THREADS_CORE_6,0,NaN
NUM_SCHED_IDLE_CYCLE_CORE_6,0,0
NUM_NO_SCHED_CYCLE_CORE_6,0,0
CORE_DISPATCHED_INST_CORE_6,0,0
CORE_DISPATCH_WAIT_CORE_6,0,NaN
CORE_CYCLES_CORE_6,0,0
CORE_SCHED_THREADS_CORE_6,0,NaN
CORE_NUM_NO_FETCH_CYCLES_CORE_6,0,0
CORE_NUM_NO_FETCH_CYCLES_WITH_READY_THREADS_CORE_6,0,0
CORE_NUM_FETCH_CYCLES_CORE_6,0,0
CORE_FETCH_DELTA_CORE_6,0,NaN
CORE_NUM_RETIRE_CYCLES_CORE_6,0,0
CORE_RETIRE_DELTA_CORE_6,0,NaN
FENCE_PREF_REQ_CORE_6,0,0
FENCE_WAITING_CORE_6,0,0
DYN_FENCE_NUM_CORE_6,0,0
WB_ORDERING_STALL_CORE_6,0,0
WB_FULL_CORE_6,0,0
FENCE_TOT_CYCLES_CORE_6,0,0
FENCE_EXEC_CYCLES_CORE_6,0,0
STORE_RES_CORE_6,0,0
STORE_NUM_CORE_6,0,0
STORE_WB_FREE_CORE_6,0,0
NUM_SAMPLES_CORE_7,0,0
NUM_ACTIVE_BLOCKS_CORE_7,0,NaN
NUM_ACTIVE_THREADS_CORE_7,0,NaN
NUM_SCHED_IDLE_CYCLE_CORE_7,0,0
NUM_NO_SCHED_CYCLE_CORE_7,0,0
CORE_DISPATCHED_INST_CORE_7,0,0
CORE_DISPATCH_WAIT_CORE_7,0,NaN
CORE_CYCLES_CORE_7,0,0
CORE_SCHED_THREADS_CORE_7,0,NaN
CORE_NUM_NO_FETCH_CYCLES_CORE_7,0,0
CORE_NUM_NO_FETCH_CYCLES_WITH_READY_THREADS_CORE_7,0,0
CORE_NUM_FETCH_CYCLES_CORE_7,0,0
CORE_FETCH_DELTA_CORE_7,0,NaN
CORE_NUM_RETIRE_CYCLES_CORE_7,0,0
CORE_RETIRE_DELTA_CORE_7,0,NaN
FENCE_PREF_REQ_CORE_7,0,0
FENCE_WAITING_CORE_7,0,0
DYN_FENCE_NUM_CORE_7,0,0
WB_ORDERING_STALL_CORE_7,0,0
WB_FULL_CORE_7,0,0
FENCE_TOT_CYCLES_CORE_7,0,0
FENCE_EXEC_CYCLES_CORE_7,0,0
STORE_RES_CORE_7,0,0
STORE_NUM_CORE_7,0,0
STORE_WB_FREE_CORE_7,0,0
NUM_SAMPLES_CORE_8,0,0
NUM_ACTIVE_BLOCKS_CORE_8,0,NaN
NUM_ACTIVE_THREADS_CORE_8,0,NaN
NUM_SCHED_IDLE_CYCLE_CORE_8,0,0
NUM_NO_SCHED_CYCLE_CORE_8,0,0
CORE_DISPATCHED_INST_CORE_8,0,0
CORE_DISPATCH_WAIT_CORE_8,0,NaN
CORE_CYCLES_CORE_8,0,0
CORE_SCHED_THREADS_CORE_8,0,NaN
CORE_NUM_NO_FETCH_CYCLES_CORE_8,0,0
CORE_NUM_NO_FETCH_CYCLES_WITH_READY_THREADS_CORE_8,0,0
CORE_NUM_FETCH_CYCLES_CORE_8,0,0
CORE_FETCH_DELTA_CORE_8,0,NaN
CORE_NUM_RETIRE_CYCLES_CORE_8,0,0
CORE_RETIRE_DELTA_CORE_8,0,NaN
FENCE_PREF_REQ_CORE_8,0,0
FENCE_WAITING_CORE_8,0,0
DYN_FENCE_NUM_CORE_8,0,0
WB_ORDERING_STALL_CORE_8,0,0
WB_FULL_CORE_8,0,0
FENCE_TOT_CYCLES_CORE_8,0,0
FENCE_EXEC_CYCLES_CORE_8,0,0
STORE_RES_CORE_8,0,0
STORE_NUM_CORE_8,0,0
STORE_WB_FREE_CORE_8,0,0
NUM_SAMPLES_CORE_9,0,0
NUM_ACTIVE_BLOCKS_CORE_9,0,NaN
NUM_ACTIVE_THREADS_CORE_9,0,NaN
NUM_SCHED_IDLE_CYCLE_CORE_9,0,0
NUM_NO_SCHED_CYCLE_CORE_9,0,0
CORE_DISPATCHED_INST_CORE_9,0,0
CORE_DISPATCH_WAIT_CORE_9,0,NaN
CORE_CYCLES_CORE_9,0,0
CORE_SCHED_THREADS_CORE_9,0,NaN
CORE_NUM_NO_FETCH_CYCLES_CORE_9,0,0
CORE_NUM_NO_FETCH_CYCLES_WITH_READY_THREADS_CORE_9,0,0
CORE_NUM_FETCH_CYCLES_CORE_9,0,0
CORE_FETCH_DELTA_CORE_9,0,NaN
CORE_NUM_RETIRE_CYCLES_CORE_9,0,0
CORE_RETIRE_DELTA_CORE_9,0,NaN
FENCE_PREF_REQ_CORE_9,0,0
FENCE_WAITING_CORE_9,0,0
DYN_FENCE_NUM_CORE_9,0,0
WB_ORDERING_STALL_CORE_9,0,0
WB_FULL_CORE_9,0,0
FENCE_TOT_CYCLES_CORE_9,0,0
FENCE_EXEC_CYCLES_CORE_9,0,0
STORE_RES_CORE_9,0,0
STORE_NUM_CORE_9,0,0
STORE_WB_FREE_CORE_9,0,0
NUM_SAMPLES_CORE_10,0,0
NUM_ACTIVE_BLOCKS_CORE_10,0,NaN
NUM_ACTIVE_THREADS_CORE_10,0,NaN
NUM_SCHED_IDLE_CYCLE_CORE_10,0,0
NUM_NO_SCHED_CYCLE_CORE_10,0,0
CORE_DISPATCHED_INST_CORE_10,0,0
CORE_DISPATCH_WAIT_CORE_10,0,NaN
CORE_CYCLES_CORE_10,0,0
CORE_SCHED_THREADS_CORE_10,0,NaN
CORE_NUM_NO_FETCH_CYCLES_CORE_10,0,0
CORE_NUM_NO_FETCH_CYCLES_WITH_READY_THREADS_CORE_10,0,0
CORE_NUM_FETCH_CYCLES_CORE_10,0,0
CORE_FETCH_DELTA_CORE_10,0,NaN
CORE_NUM_RETIRE_CYCLES_CORE_10,0,0
CORE_RETIRE_DELTA_CORE_10,0,NaN
FENCE_PREF_REQ_CORE_10,0,0
FENCE_WAITING_CORE_10,0,0
DYN_FENCE_NUM_CORE_10,0,0
WB_ORDERING_STALL_CORE_10,0,0
WB_FULL_CORE_10,0,0
FENCE_TOT_CYCLES_CORE_10,0,0
FENCE_EXEC_CYCLES_CORE_10,0,0
STORE_RES_CORE_10,0,0
STORE_NUM_CORE_10,0,0
STORE_WB_FREE_CORE_10,0,0
NUM_SAMPLES_CORE_11,0,0
NUM_ACTIVE_BLOCKS_CORE_11,0,NaN
NUM_ACTIVE_THREADS_CORE_11,0,NaN
NUM_SCHED_IDLE_CYCLE_CORE_11,0,0
NUM_NO_SCHED_CYCLE_CORE_11,0,0
CORE_DISPATCHED_INST_CORE_11,0,0
CORE_DISPATCH_WAIT_CORE_11,0,NaN
CORE_CYCLES_CORE_11,0,0
CORE_SCHED_THREADS_CORE_11,0,NaN
CORE_NUM_NO_FETCH_CYCLES_CORE_11,0,0
CORE_NUM_NO_FETCH_CYCLES_WITH_READY_THREADS_CORE_11,0,0
CORE_NUM_FETCH_CYCLES_CORE_11,0,0
CORE_FETCH_DELTA_CORE_11,0,NaN
CORE_NUM_RETIRE_CYCLES_CORE_11,0,0
CORE_RETIRE_DELTA_CORE_11,0,NaN
FENCE_PREF_REQ_CORE_11,0,0
FENCE_WAITING_CORE_11,0,0
DYN_FENCE_NUM_CORE_11,0,0
WB_ORDERING_STALL_CORE_11,0,0
WB_FULL_CORE_11,0,0
FENCE_TOT_CYCLES_CORE_11,0,0
FENCE_EXEC_CYCLES_CORE_11,0,0
STORE_RES_CORE_11,0,0
STORE_NUM_CORE_11,0,0
STORE_WB_FREE_CORE_11,0,0
NUM_SAMPLES_CORE_12,0,0
NUM_ACTIVE_BLOCKS_CORE_12,0,NaN
NUM_ACTIVE_THREADS_CORE_12,0,NaN
NUM_SCHED_IDLE_CYCLE_CORE_12,0,0
NUM_NO_SCHED_CYCLE_CORE_12,0,0
CORE_DISPATCHED_INST_CORE_12,0,0
CORE_DISPATCH_WAIT_CORE_12,0,NaN
CORE_CYCLES_CORE_12,0,0
CORE_SCHED_THREADS_CORE_12,0,NaN
CORE_NUM_NO_FETCH_CYCLES_CORE_12,0,0
CORE_NUM_NO_FETCH_CYCLES_WITH_READY_THREADS_CORE_12,0,0
CORE_NUM_FETCH_CYCLES_CORE_12,0,0
CORE_FETCH_DELTA_CORE_12,0,NaN
CORE_NUM_RETIRE_CYCLES_CORE_12,0,0
CORE_RETIRE_DELTA_CORE_12,0,NaN
FENCE_PREF_REQ_CORE_12,0,0
FENCE_WAITING_CORE_12,0,0
DYN_FENCE_NUM_CORE_12,0,0
WB_ORDERING_STALL_CORE_12,0,0
WB_FULL_CORE_12,0,0
FENCE_TOT_CYCLES_CORE_12,0,0
FENCE_EXEC_CYCLES_CORE_12,0,0
STORE_RES_CORE_12,0,0
STORE_NUM_CORE_12,0,0
STORE_WB_FREE_CORE_12,0,0
NUM_SAMPLES_CORE_13,0,0
NUM_ACTIVE_BLOCKS_CORE_13,0,NaN
NUM_ACTIVE_THREADS_CORE_13,0,NaN
NUM_SCHED_IDLE_CYCLE_CORE_13,0,0
NUM_NO_SCHED_CYCLE_CORE_13,0,0
CORE_DISPATCHED_INST_CORE_13,0,0
CORE_DISPATCH_WAIT_CORE_13,0,NaN
CORE_CYCLES_CORE_13,0,0
CORE_SCHED_THREADS_CORE_13,0,NaN
CORE_NUM_NO_FETCH_CYCLES_CORE_13,0,0
CORE_NUM_NO_FETCH_CYCLES_WITH_READY_THREADS_CORE_13,0,0
CORE_NUM_FETCH_CYCLES_CORE_13,0,0
CORE_FETCH_DELTA_CORE_13,0,NaN
CORE_NUM_RETIRE_CYCLES_CORE_13,0,0
CORE_RETIRE_DELTA_CORE_13,0,NaN
FENCE_PREF_REQ_CORE_13,0,0
FENCE_WAITING_CORE_13,0,0
DYN_FENCE_NUM_CORE_13,0,0
WB_ORDERING_STALL_CORE_13,0,0
WB_FULL_CORE_13,0,0
FENCE_TOT_CYCLES_CORE_13,0,0
FENCE_EXEC_CYCLES_CORE_13,0,0
STORE_RES_CORE_13,0,0
STORE_NUM_CORE_13,0,0
STORE_WB_FREE_CORE_13,0,0
NUM_SAMPLES_CORE_14,0,0
NUM_ACTIVE_BLOCKS_CORE_14,0,NaN
NUM_ACTIVE_THREADS_CORE_14,0,NaN
NUM_SCHED_IDLE_CYCLE_CORE_14,0,0
NUM_NO_SCHED_CYCLE_CORE_14,0,0
CORE_DISPATCHED_INST_CORE_14,0,0
CORE_DISPATCH_WAIT_CORE_14,0,NaN
CORE_CYCLES_CORE_14,0,0
CORE_SCHED_THREADS_CORE_14,0,NaN
CORE_NUM_NO_FETCH_CYCLES_CORE_14,0,0
CORE_NUM_NO_FETCH_CYCLES_WITH_READY_THREADS_CORE_14,0,0
CORE_NUM_FETCH_CYCLES_CORE_14,0,0
CORE_FETCH_DELTA_CORE_14,0,NaN
CORE_NUM_RETIRE_CYCLES_CORE_14,0,0
CORE_RETIRE_DELTA_CORE_14,0,NaN
FENCE_PREF_REQ_CORE_14,0,0
FENCE_WAITING_CORE_14,0,0
DYN_FENCE_NUM_CORE_14,0,0
WB_ORDERING_STALL_CORE_14,0,0
WB_FULL_CORE_14,0,0
FENCE_TOT_CYCLES_CORE_14,0,0
FENCE_EXEC_CYCLES_CORE_14,0,0
STORE_RES_CORE_14,0,0
STORE_NUM_CORE_14,0,0
STORE_WB_FREE_CORE_14,0,0
NUM_SAMPLES_CORE_15,0,0
NUM_ACTIVE_BLOCKS_CORE_15,0,NaN
NUM_ACTIVE_THREADS_CORE_15,0,NaN
NUM_SCHED_IDLE_CYCLE_CORE_15,0,0
NUM_NO_SCHED_CYCLE_CORE_15,0,0
CORE_DISPATCHED_INST_CORE_15,0,0
CORE_DISPATCH_WAIT_CORE_15,0,NaN
CORE_CYCLES_CORE_15,0,0
CORE_SCHED_THREADS_CORE_15,0,NaN
CORE_NUM_NO_FETCH_CYCLES_CORE_15,0,0
CORE_NUM_NO_FETCH_CYCLES_WITH_READY_THREADS_CORE_15,0,0
CORE_NUM_FETCH_CYCLES_CORE_15,0,0
CORE_FETCH_DELTA_CORE_15,0,NaN
CORE_NUM_RETIRE_CYCLES_CORE_15,0,0
CORE_RETIRE_DELTA_CORE_15,0,NaN
FENCE_PREF_REQ_CORE_15,0,0
FENCE_WAITING_CORE_15,0,0
DYN_FENCE_NUM_CORE_15,0,0
WB_ORDERING_STALL_CORE_15,0,0
WB_FULL_CORE_15,0,0
FENCE_TOT_CYCLES_CORE_15,0,0
FENCE_EXEC_CYCLES_CORE_15,0,0
STORE_RES_CORE_15,0,0
STORE_NUM_CORE_15,0,0
STORE_WB_FREE_CORE_15,0,0
NUM_SAMPLES_CORE_16,0,0
NUM_ACTIVE_BLOCKS_CORE_16,0,NaN
NUM_ACTIVE_THREADS_CORE_16,0,NaN
NUM_SCHED_IDLE_CYCLE_CORE_16,0,0
NUM_NO_SCHED_CYCLE_CORE_16,0,0
CORE_DISPATCHED_INST_CORE_16,0,0
CORE_DISPATCH_WAIT_CORE_16,0,NaN
CORE_CYCLES_CORE_16,0,0
CORE_SCHED_THREADS_CORE_16,0,NaN
CORE_NUM_NO_FETCH_CYCLES_CORE_16,0,0
CORE_NUM_NO_FETCH_CYCLES_WITH_READY_THREADS_CORE_16,0,0
CORE_NUM_FETCH_CYCLES_CORE_16,0,0
CORE_FETCH_DELTA_CORE_16,0,NaN
CORE_NUM_RETIRE_CYCLES_CORE_16,0,0
CORE_RETIRE_DELTA_CORE_16,0,NaN
FENCE_PREF_REQ_CORE_16,0,0
FENCE_WAITING_CORE_16,0,0
DYN_FENCE_NUM_CORE_16,0,0
WB_ORDERING_STALL_CORE_16,0,0
WB_FULL_CORE_16,0,0
FENCE_TOT_CYCLES_CORE_16,0,0
FENCE_EXEC_CYCLES_CORE_16,0,0
STORE_RES_CORE_16,0,0
STORE_NUM_CORE_16,0,0
STORE_WB_FREE_CORE_16,0,0
NUM_SAMPLES_CORE_17,0,0
NUM_ACTIVE_BLOCKS_CORE_17,0,NaN
NUM_ACTIVE_THREADS_CORE_17,0,NaN
NUM_SCHED_IDLE_CYCLE_CORE_17,0,0
NUM_NO_SCHED_CYCLE_CORE_17,0,0
CORE_DISPATCHED_INST_CORE_17,0,0
CORE_DISPATCH_WAIT_CORE_17,0,NaN
CORE_CYCLES_CORE_17,0,0
CORE_SCHED_THREADS_CORE_17,0,NaN
CORE_NUM_NO_FETCH_CYCLES_CORE_17,0,0
CORE_NUM_NO_FETCH_CYCLES_WITH_READY_THREADS_CORE_17,0,0
CORE_NUM_FETCH_CYCLES_CORE_17,0,0
CORE_FETCH_DELTA_CORE_17,0,NaN
CORE_NUM_RETIRE_CYCLES_CORE_17,0,0
CORE_RETIRE_DELTA_CORE_17,0,NaN
FENCE_PREF_REQ_CORE_17,0,0
FENCE_WAITING_CORE_17,0,0
DYN_FENCE_NUM_CORE_17,0,0
WB_ORDERING_STALL_CORE_17,0,0
WB_FULL_CORE_17,0,0
FENCE_TOT_CYCLES_CORE_17,0,0
FENCE_EXEC_CYCLES_CORE_17,0,0
STORE_RES_CORE_17,0,0
STORE_NUM_CORE_17,0,0
STORE_WB_FREE_CORE_17,0,0
NUM_SAMPLES_CORE_18,0,0
NUM_ACTIVE_BLOCKS_CORE_18,0,NaN
NUM_ACTIVE_THREADS_CORE_18,0,NaN
NUM_SCHED_IDLE_CYCLE_CORE_18,0,0
NUM_NO_SCHED_CYCLE_CORE_18,0,0
CORE_DISPATCHED_INST_CORE_18,0,0
CORE_DISPATCH_WAIT_CORE_18,0,NaN
CORE_CYCLES_CORE_18,0,0
CORE_SCHED_THREADS_CORE_18,0,NaN
CORE_NUM_NO_FETCH_CYCLES_CORE_18,0,0
CORE_NUM_NO_FETCH_CYCLES_WITH_READY_THREADS_CORE_18,0,0
CORE_NUM_FETCH_CYCLES_CORE_18,0,0
CORE_FETCH_DELTA_CORE_18,0,NaN
CORE_NUM_RETIRE_CYCLES_CORE_18,0,0
CORE_RETIRE_DELTA_CORE_18,0,NaN
FENCE_PREF_REQ_CORE_18,0,0
FENCE_WAITING_CORE_18,0,0
DYN_FENCE_NUM_CORE_18,0,0
WB_ORDERING_STALL_CORE_18,0,0
WB_FULL_CORE_18,0,0
FENCE_TOT_CYCLES_CORE_18,0,0
FENCE_EXEC_CYCLES_CORE_18,0,0
STORE_RES_CORE_18,0,0
STORE_NUM_CORE_18,0,0
STORE_WB_FREE_CORE_18,0,0
NUM_SAMPLES_CORE_19,0,0
NUM_ACTIVE_BLOCKS_CORE_19,0,NaN
NUM_ACTIVE_THREADS_CORE_19,0,NaN
NUM_SCHED_IDLE_CYCLE_CORE_19,0,0
NUM_NO_SCHED_CYCLE_CORE_19,0,0
CORE_DISPATCHED_INST_CORE_19,0,0
CORE_DISPATCH_WAIT_CORE_19,0,NaN
CORE_CYCLES_CORE_19,0,0
CORE_SCHED_THREADS_CORE_19,0,NaN
CORE_NUM_NO_FETCH_CYCLES_CORE_19,0,0
CORE_NUM_NO_FETCH_CYCLES_WITH_READY_THREADS_CORE_19,0,0
CORE_NUM_FETCH_CYCLES_CORE_19,0,0
CORE_FETCH_DELTA_CORE_19,0,NaN
CORE_NUM_RETIRE_CYCLES_CORE_19,0,0
CORE_RETIRE_DELTA_CORE_19,0,NaN
FENCE_PREF_REQ_CORE_19,0,0
FENCE_WAITING_CORE_19,0,0
DYN_FENCE_NUM_CORE_19,0,0
WB_ORDERING_STALL_CORE_19,0,0
WB_FULL_CORE_19,0,0
FENCE_TOT_CYCLES_CORE_19,0,0
FENCE_EXEC_CYCLES_CORE_19,0,0
STORE_RES_CORE_19,0,0
STORE_NUM_CORE_19,0,0
STORE_WB_FREE_CORE_19,0,0
NUM_SAMPLES_CORE_20,0,0
NUM_ACTIVE_BLOCKS_CORE_20,0,NaN
NUM_ACTIVE_THREADS_CORE_20,0,NaN
NUM_SCHED_IDLE_CYCLE_CORE_20,0,0
NUM_NO_SCHED_CYCLE_CORE_20,0,0
CORE_DISPATCHED_INST_CORE_20,0,0
CORE_DISPATCH_WAIT_CORE_20,0,NaN
CORE_CYCLES_CORE_20,0,0
CORE_SCHED_THREADS_CORE_20,0,NaN
CORE_NUM_NO_FETCH_CYCLES_CORE_20,0,0
CORE_NUM_NO_FETCH_CYCLES_WITH_READY_THREADS_CORE_20,0,0
CORE_NUM_FETCH_CYCLES_CORE_20,0,0
CORE_FETCH_DELTA_CORE_20,0,NaN
CORE_NUM_RETIRE_CYCLES_CORE_20,0,0
CORE_RETIRE_DELTA_CORE_20,0,NaN
FENCE_PREF_REQ_CORE_20,0,0
FENCE_WAITING_CORE_20,0,0
DYN_FENCE_NUM_CORE_20,0,0
WB_ORDERING_STALL_CORE_20,0,0
WB_FULL_CORE_20,0,0
FENCE_TOT_CYCLES_CORE_20,0,0
FENCE_EXEC_CYCLES_CORE_20,0,0
STORE_RES_CORE_20,0,0
STORE_NUM_CORE_20,0,0
STORE_WB_FREE_CORE_20,0,0
NUM_SAMPLES_CORE_21,0,0
NUM_ACTIVE_BLOCKS_CORE_21,0,NaN
NUM_ACTIVE_THREADS_CORE_21,0,NaN
NUM_SCHED_IDLE_CYCLE_CORE_21,0,0
NUM_NO_SCHED_CYCLE_CORE_21,0,0
CORE_DISPATCHED_INST_CORE_21,0,0
CORE_DISPATCH_WAIT_CORE_21,0,NaN
CORE_CYCLES_CORE_21,0,0
CORE_SCHED_THREADS_CORE_21,0,NaN
CORE_NUM_NO_FETCH_CYCLES_CORE_21,0,0
CORE_NUM_NO_FETCH_CYCLES_WITH_READY_THREADS_CORE_21,0,0
CORE_NUM_FETCH_CYCLES_CORE_21,0,0
CORE_FETCH_DELTA_CORE_21,0,NaN
CORE_NUM_RETIRE_CYCLES_CORE_21,0,0
CORE_RETIRE_DELTA_CORE_21,0,NaN
FENCE_PREF_REQ_CORE_21,0,0
FENCE_WAITING_CORE_21,0,0
DYN_FENCE_NUM_CORE_21,0,0
WB_ORDERING_STALL_CORE_21,0,0
WB_FULL_CORE_21,0,0
FENCE_TOT_CYCLES_CORE_21,0,0
FENCE_EXEC_CYCLES_CORE_21,0,0
STORE_RES_CORE_21,0,0
STORE_NUM_CORE_21,0,0
STORE_WB_FREE_CORE_21,0,0
NUM_SAMPLES_CORE_22,0,0
NUM_ACTIVE_BLOCKS_CORE_22,0,NaN
NUM_ACTIVE_THREADS_CORE_22,0,NaN
NUM_SCHED_IDLE_CYCLE_CORE_22,0,0
NUM_NO_SCHED_CYCLE_CORE_22,0,0
CORE_DISPATCHED_INST_CORE_22,0,0
CORE_DISPATCH_WAIT_CORE_22,0,NaN
CORE_CYCLES_CORE_22,0,0
CORE_SCHED_THREADS_CORE_22,0,NaN
CORE_NUM_NO_FETCH_CYCLES_CORE_22,0,0
CORE_NUM_NO_FETCH_CYCLES_WITH_READY_THREADS_CORE_22,0,0
CORE_NUM_FETCH_CYCLES_CORE_22,0,0
CORE_FETCH_DELTA_CORE_22,0,NaN
CORE_NUM_RETIRE_CYCLES_CORE_22,0,0
CORE_RETIRE_DELTA_CORE_22,0,NaN
FENCE_PREF_REQ_CORE_22,0,0
FENCE_WAITING_CORE_22,0,0
DYN_FENCE_NUM_CORE_22,0,0
WB_ORDERING_STALL_CORE_22,0,0
WB_FULL_CORE_22,0,0
FENCE_TOT_CYCLES_CORE_22,0,0
FENCE_EXEC_CYCLES_CORE_22,0,0
STORE_RES_CORE_22,0,0
STORE_NUM_CORE_22,0,0
STORE_WB_FREE_CORE_22,0,0
NUM_SAMPLES_CORE_23,0,0
NUM_ACTIVE_BLOCKS_CORE_23,0,NaN
NUM_ACTIVE_THREADS_CORE_23,0,NaN
NUM_SCHED_IDLE_CYCLE_CORE_23,0,0
NUM_NO_SCHED_CYCLE_CORE_23,0,0
CORE_DISPATCHED_INST_CORE_23,0,0
CORE_DISPATCH_WAIT_CORE_23,0,NaN
CORE_CYCLES_CORE_23,0,0
CORE_SCHED_THREADS_CORE_23,0,NaN
CORE_NUM_NO_FETCH_CYCLES_CORE_23,0,0
CORE_NUM_NO_FETCH_CYCLES_WITH_READY_THREADS_CORE_23,0,0
CORE_NUM_FETCH_CYCLES_CORE_23,0,0
CORE_FETCH_DELTA_CORE_23,0,NaN
CORE_NUM_RETIRE_CYCLES_CORE_23,0,0
CORE_RETIRE_DELTA_CORE_23,0,NaN
FENCE_PREF_REQ_CORE_23,0,0
FENCE_WAITING_CORE_23,0,0
DYN_FENCE_NUM_CORE_23,0,0
WB_ORDERING_STALL_CORE_23,0,0
WB_FULL_CORE_23,0,0
FENCE_TOT_CYCLES_CORE_23,0,0
FENCE_EXEC_CYCLES_CORE_23,0,0
STORE_RES_CORE_23,0,0
STORE_NUM_CORE_23,0,0
STORE_WB_FREE_CORE_23,0,0
NUM_SAMPLES_CORE_24,0,0
NUM_ACTIVE_BLOCKS_CORE_24,0,NaN
NUM_ACTIVE_THREADS_CORE_24,0,NaN
NUM_SCHED_IDLE_CYCLE_CORE_24,0,0
NUM_NO_SCHED_CYCLE_CORE_24,0,0
CORE_DISPATCHED_INST_CORE_24,0,0
CORE_DISPATCH_WAIT_CORE_24,0,NaN
CORE_CYCLES_CORE_24,0,0
CORE_SCHED_THREADS_CORE_24,0,NaN
CORE_NUM_NO_FETCH_CYCLES_CORE_24,0,0
CORE_NUM_NO_FETCH_CYCLES_WITH_READY_THREADS_CORE_24,0,0
CORE_NUM_FETCH_CYCLES_CORE_24,0,0
CORE_FETCH_DELTA_CORE_24,0,NaN
CORE_NUM_RETIRE_CYCLES_CORE_24,0,0
CORE_RETIRE_DELTA_CORE_24,0,NaN
FENCE_PREF_REQ_CORE_24,0,0
FENCE_WAITING_CORE_24,0,0
DYN_FENCE_NUM_CORE_24,0,0
WB_ORDERING_STALL_CORE_24,0,0
WB_FULL_CORE_24,0,0
FENCE_TOT_CYCLES_CORE_24,0,0
FENCE_EXEC_CYCLES_CORE_24,0,0
STORE_RES_CORE_24,0,0
STORE_NUM_CORE_24,0,0
STORE_WB_FREE_CORE_24,0,0
NUM_SAMPLES_CORE_25,0,0
NUM_ACTIVE_BLOCKS_CORE_25,0,NaN
NUM_ACTIVE_THREADS_CORE_25,0,NaN
NUM_SCHED_IDLE_CYCLE_CORE_25,0,0
NUM_NO_SCHED_CYCLE_CORE_25,0,0
CORE_DISPATCHED_INST_CORE_25,0,0
CORE_DISPATCH_WAIT_CORE_25,0,NaN
CORE_CYCLES_CORE_25,0,0
CORE_SCHED_THREADS_CORE_25,0,NaN
CORE_NUM_NO_FETCH_CYCLES_CORE_25,0,0
CORE_NUM_NO_FETCH_CYCLES_WITH_READY_THREADS_CORE_25,0,0
CORE_NUM_FETCH_CYCLES_CORE_25,0,0
CORE_FETCH_DELTA_CORE_25,0,NaN
CORE_NUM_RETIRE_CYCLES_CORE_25,0,0
CORE_RETIRE_DELTA_CORE_25,0,NaN
FENCE_PREF_REQ_CORE_25,0,0
FENCE_WAITING_CORE_25,0,0
DYN_FENCE_NUM_CORE_25,0,0
WB_ORDERING_STALL_CORE_25,0,0
WB_FULL_CORE_25,0,0
FENCE_TOT_CYCLES_CORE_25,0,0
FENCE_EXEC_CYCLES_CORE_25,0,0
STORE_RES_CORE_25,0,0
STORE_NUM_CORE_25,0,0
STORE_WB_FREE_CORE_25,0,0
NUM_SAMPLES_CORE_26,0,0
NUM_ACTIVE_BLOCKS_CORE_26,0,NaN
NUM_ACTIVE_THREADS_CORE_26,0,NaN
NUM_SCHED_IDLE_CYCLE_CORE_26,0,0
NUM_NO_SCHED_CYCLE_CORE_26,0,0
CORE_DISPATCHED_INST_CORE_26,0,0
CORE_DISPATCH_WAIT_CORE_26,0,NaN
CORE_CYCLES_CORE_26,0,0
CORE_SCHED_THREADS_CORE_26,0,NaN
CORE_NUM_NO_FETCH_CYCLES_CORE_26,0,0
CORE_NUM_NO_FETCH_CYCLES_WITH_READY_THREADS_CORE_26,0,0
CORE_NUM_FETCH_CYCLES_CORE_26,0,0
CORE_FETCH_DELTA_CORE_26,0,NaN
CORE_NUM_RETIRE_CYCLES_CORE_26,0,0
CORE_RETIRE_DELTA_CORE_26,0,NaN
FENCE_PREF_REQ_CORE_26,0,0
FENCE_WAITING_CORE_26,0,0
DYN_FENCE_NUM_CORE_26,0,0
WB_ORDERING_STALL_CORE_26,0,0
WB_FULL_CORE_26,0,0
FENCE_TOT_CYCLES_CORE_26,0,0
FENCE_EXEC_CYCLES_CORE_26,0,0
STORE_RES_CORE_26,0,0
STORE_NUM_CORE_26,0,0
STORE_WB_FREE_CORE_26,0,0
NUM_SAMPLES_CORE_27,0,0
NUM_ACTIVE_BLOCKS_CORE_27,0,NaN
NUM_ACTIVE_THREADS_CORE_27,0,NaN
NUM_SCHED_IDLE_CYCLE_CORE_27,0,0
NUM_NO_SCHED_CYCLE_CORE_27,0,0
CORE_DISPATCHED_INST_CORE_27,0,0
CORE_DISPATCH_WAIT_CORE_27,0,NaN
CORE_CYCLES_CORE_27,0,0
CORE_SCHED_THREADS_CORE_27,0,NaN
CORE_NUM_NO_FETCH_CYCLES_CORE_27,0,0
CORE_NUM_NO_FETCH_CYCLES_WITH_READY_THREADS_CORE_27,0,0
CORE_NUM_FETCH_CYCLES_CORE_27,0,0
CORE_FETCH_DELTA_CORE_27,0,NaN
CORE_NUM_RETIRE_CYCLES_CORE_27,0,0
CORE_RETIRE_DELTA_CORE_27,0,NaN
FENCE_PREF_REQ_CORE_27,0,0
FENCE_WAITING_CORE_27,0,0
DYN_FENCE_NUM_CORE_27,0,0
WB_ORDERING_STALL_CORE_27,0,0
WB_FULL_CORE_27,0,0
FENCE_TOT_CYCLES_CORE_27,0,0
FENCE_EXEC_CYCLES_CORE_27,0,0
STORE_RES_CORE_27,0,0
STORE_NUM_CORE_27,0,0
STORE_WB_FREE_CORE_27,0,0
NUM_SAMPLES_CORE_28,0,0
NUM_ACTIVE_BLOCKS_CORE_28,0,NaN
NUM_ACTIVE_THREADS_CORE_28,0,NaN
NUM_SCHED_IDLE_CYCLE_CORE_28,0,0
NUM_NO_SCHED_CYCLE_CORE_28,0,0
CORE_DISPATCHED_INST_CORE_28,0,0
CORE_DISPATCH_WAIT_CORE_28,0,NaN
CORE_CYCLES_CORE_28,0,0
CORE_SCHED_THREADS_CORE_28,0,NaN
CORE_NUM_NO_FETCH_CYCLES_CORE_28,0,0
CORE_NUM_NO_FETCH_CYCLES_WITH_READY_THREADS_CORE_28,0,0
CORE_NUM_FETCH_CYCLES_CORE_28,0,0
CORE_FETCH_DELTA_CORE_28,0,NaN
CORE_NUM_RETIRE_CYCLES_CORE_28,0,0
CORE_RETIRE_DELTA_CORE_28,0,NaN
FENCE_PREF_REQ_CORE_28,0,0
FENCE_WAITING_CORE_28,0,0
DYN_FENCE_NUM_CORE_28,0,0
WB_ORDERING_STALL_CORE_28,0,0
WB_FULL_CORE_28,0,0
FENCE_TOT_CYCLES_CORE_28,0,0
FENCE_EXEC_CYCLES_CORE_28,0,0
STORE_RES_CORE_28,0,0
STORE_NUM_CORE_28,0,0
STORE_WB_FREE_CORE_28,0,0
NUM_SAMPLES_CORE_29,0,0
NUM_ACTIVE_BLOCKS_CORE_29,0,NaN
NUM_ACTIVE_THREADS_CORE_29,0,NaN
NUM_SCHED_IDLE_CYCLE_CORE_29,0,0
NUM_NO_SCHED_CYCLE_CORE_29,0,0
CORE_DISPATCHED_INST_CORE_29,0,0
CORE_DISPATCH_WAIT_CORE_29,0,NaN
CORE_CYCLES_CORE_29,0,0
CORE_SCHED_THREADS_CORE_29,0,NaN
CORE_NUM_NO_FETCH_CYCLES_CORE_29,0,0
CORE_NUM_NO_FETCH_CYCLES_WITH_READY_THREADS_CORE_29,0,0
CORE_NUM_FETCH_CYCLES_CORE_29,0,0
CORE_FETCH_DELTA_CORE_29,0,NaN
CORE_NUM_RETIRE_CYCLES_CORE_29,0,0
CORE_RETIRE_DELTA_CORE_29,0,NaN
FENCE_PREF_REQ_CORE_29,0,0
FENCE_WAITING_CORE_29,0,0
DYN_FENCE_NUM_CORE_29,0,0
WB_ORDERING_STALL_CORE_29,0,0
WB_FULL_CORE_29,0,0
FENCE_TOT_CYCLES_CORE_29,0,0
FENCE_EXEC_CYCLES_CORE_29,0,0
STORE_RES_CORE_29,0,0
STORE_NUM_CORE_29,0,0
STORE_WB_FREE_CORE_29,0,0
NUM_SAMPLES_CORE_30,0,0
NUM_ACTIVE_BLOCKS_CORE_30,0,NaN
NUM_ACTIVE_THREADS_CORE_30,0,NaN
NUM_SCHED_IDLE_CYCLE_CORE_30,0,0
NUM_NO_SCHED_CYCLE_CORE_30,0,0
CORE_DISPATCHED_INST_CORE_30,0,0
CORE_DISPATCH_WAIT_CORE_30,0,NaN
CORE_CYCLES_CORE_30,0,0
CORE_SCHED_THREADS_CORE_30,0,NaN
CORE_NUM_NO_FETCH_CYCLES_CORE_30,0,0
CORE_NUM_NO_FETCH_CYCLES_WITH_READY_THREADS_CORE_30,0,0
CORE_NUM_FETCH_CYCLES_CORE_30,0,0
CORE_FETCH_DELTA_CORE_30,0,NaN
CORE_NUM_RETIRE_CYCLES_CORE_30,0,0
CORE_RETIRE_DELTA_CORE_30,0,NaN
FENCE_PREF_REQ_CORE_30,0,0
FENCE_WAITING_CORE_30,0,0
DYN_FENCE_NUM_CORE_30,0,0
WB_ORDERING_STALL_CORE_30,0,0
WB_FULL_CORE_30,0,0
FENCE_TOT_CYCLES_CORE_30,0,0
FENCE_EXEC_CYCLES_CORE_30,0,0
STORE_RES_CORE_30,0,0
STORE_NUM_CORE_30,0,0
STORE_WB_FREE_CORE_30,0,0
NUM_SAMPLES_CORE_31,0,0
NUM_ACTIVE_BLOCKS_CORE_31,0,NaN
NUM_ACTIVE_THREADS_CORE_31,0,NaN
NUM_SCHED_IDLE_CYCLE_CORE_31,0,0
NUM_NO_SCHED_CYCLE_CORE_31,0,0
CORE_DISPATCHED_INST_CORE_31,0,0
CORE_DISPATCH_WAIT_CORE_31,0,NaN
CORE_CYCLES_CORE_31,0,0
CORE_SCHED_THREADS_CORE_31,0,NaN
CORE_NUM_NO_FETCH_CYCLES_CORE_31,0,0
CORE_NUM_NO_FETCH_CYCLES_WITH_READY_THREADS_CORE_31,0,0
CORE_NUM_FETCH_CYCLES_CORE_31,0,0
CORE_FETCH_DELTA_CORE_31,0,NaN
CORE_NUM_RETIRE_CYCLES_CORE_31,0,0
CORE_RETIRE_DELTA_CORE_31,0,NaN
FENCE_PREF_REQ_CORE_31,0,0
FENCE_WAITING_CORE_31,0,0
DYN_FENCE_NUM_CORE_31,0,0
WB_ORDERING_STALL_CORE_31,0,0
WB_FULL_CORE_31,0,0
FENCE_TOT_CYCLES_CORE_31,0,0
FENCE_EXEC_CYCLES_CORE_31,0,0
STORE_RES_CORE_31,0,0
STORE_NUM_CORE_31,0,0
STORE_WB_FREE_CORE_31,0,0
NUM_SAMPLES_CORE_32,0,0
NUM_ACTIVE_BLOCKS_CORE_32,0,NaN
NUM_ACTIVE_THREADS_CORE_32,0,NaN
NUM_SCHED_IDLE_CYCLE_CORE_32,0,0
NUM_NO_SCHED_CYCLE_CORE_32,0,0
CORE_DISPATCHED_INST_CORE_32,0,0
CORE_DISPATCH_WAIT_CORE_32,0,NaN
CORE_CYCLES_CORE_32,0,0
CORE_SCHED_THREADS_CORE_32,0,NaN
CORE_NUM_NO_FETCH_CYCLES_CORE_32,0,0
CORE_NUM_NO_FETCH_CYCLES_WITH_READY_THREADS_CORE_32,0,0
CORE_NUM_FETCH_CYCLES_CORE_32,0,0
CORE_FETCH_DELTA_CORE_32,0,NaN
CORE_NUM_RETIRE_CYCLES_CORE_32,0,0
CORE_RETIRE_DELTA_CORE_32,0,NaN
FENCE_PREF_REQ_CORE_32,0,0
FENCE_WAITING_CORE_32,0,0
DYN_FENCE_NUM_CORE_32,0,0
WB_ORDERING_STALL_CORE_32,0,0
WB_FULL_CORE_32,0,0
FENCE_TOT_CYCLES_CORE_32,0,0
FENCE_EXEC_CYCLES_CORE_32,0,0
STORE_RES_CORE_32,0,0
STORE_NUM_CORE_32,0,0
STORE_WB_FREE_CORE_32,0,0
NUM_SAMPLES_CORE_33,0,0
NUM_ACTIVE_BLOCKS_CORE_33,0,NaN
NUM_ACTIVE_THREADS_CORE_33,0,NaN
NUM_SCHED_IDLE_CYCLE_CORE_33,0,0
NUM_NO_SCHED_CYCLE_CORE_33,0,0
CORE_DISPATCHED_INST_CORE_33,0,0
CORE_DISPATCH_WAIT_CORE_33,0,NaN
CORE_CYCLES_CORE_33,0,0
CORE_SCHED_THREADS_CORE_33,0,NaN
CORE_NUM_NO_FETCH_CYCLES_CORE_33,0,0
CORE_NUM_NO_FETCH_CYCLES_WITH_READY_THREADS_CORE_33,0,0
CORE_NUM_FETCH_CYCLES_CORE_33,0,0
CORE_FETCH_DELTA_CORE_33,0,NaN
CORE_NUM_RETIRE_CYCLES_CORE_33,0,0
CORE_RETIRE_DELTA_CORE_33,0,NaN
FENCE_PREF_REQ_CORE_33,0,0
FENCE_WAITING_CORE_33,0,0
DYN_FENCE_NUM_CORE_33,0,0
WB_ORDERING_STALL_CORE_33,0,0
WB_FULL_CORE_33,0,0
FENCE_TOT_CYCLES_CORE_33,0,0
FENCE_EXEC_CYCLES_CORE_33,0,0
STORE_RES_CORE_33,0,0
STORE_NUM_CORE_33,0,0
STORE_WB_FREE_CORE_33,0,0
NUM_SAMPLES_CORE_34,0,0
NUM_ACTIVE_BLOCKS_CORE_34,0,NaN
NUM_ACTIVE_THREADS_CORE_34,0,NaN
NUM_SCHED_IDLE_CYCLE_CORE_34,0,0
NUM_NO_SCHED_CYCLE_CORE_34,0,0
CORE_DISPATCHED_INST_CORE_34,0,0
CORE_DISPATCH_WAIT_CORE_34,0,NaN
CORE_CYCLES_CORE_34,0,0
CORE_SCHED_THREADS_CORE_34,0,NaN
CORE_NUM_NO_FETCH_CYCLES_CORE_34,0,0
CORE_NUM_NO_FETCH_CYCLES_WITH_READY_THREADS_CORE_34,0,0
CORE_NUM_FETCH_CYCLES_CORE_34,0,0
CORE_FETCH_DELTA_CORE_34,0,NaN
CORE_NUM_RETIRE_CYCLES_CORE_34,0,0
CORE_RETIRE_DELTA_CORE_34,0,NaN
FENCE_PREF_REQ_CORE_34,0,0
FENCE_WAITING_CORE_34,0,0
DYN_FENCE_NUM_CORE_34,0,0
WB_ORDERING_STALL_CORE_34,0,0
WB_FULL_CORE_34,0,0
FENCE_TOT_CYCLES_CORE_34,0,0
FENCE_EXEC_CYCLES_CORE_34,0,0
STORE_RES_CORE_34,0,0
STORE_NUM_CORE_34,0,0
STORE_WB_FREE_CORE_34,0,0
NUM_SAMPLES_CORE_35,0,0
NUM_ACTIVE_BLOCKS_CORE_35,0,NaN
NUM_ACTIVE_THREADS_CORE_35,0,NaN
NUM_SCHED_IDLE_CYCLE_CORE_35,0,0
NUM_NO_SCHED_CYCLE_CORE_35,0,0
CORE_DISPATCHED_INST_CORE_35,0,0
CORE_DISPATCH_WAIT_CORE_35,0,NaN
CORE_CYCLES_CORE_35,0,0
CORE_SCHED_THREADS_CORE_35,0,NaN
CORE_NUM_NO_FETCH_CYCLES_CORE_35,0,0
CORE_NUM_NO_FETCH_CYCLES_WITH_READY_THREADS_CORE_35,0,0
CORE_NUM_FETCH_CYCLES_CORE_35,0,0
CORE_FETCH_DELTA_CORE_35,0,NaN
CORE_NUM_RETIRE_CYCLES_CORE_35,0,0
CORE_RETIRE_DELTA_CORE_35,0,NaN
FENCE_PREF_REQ_CORE_35,0,0
FENCE_WAITING_CORE_35,0,0
DYN_FENCE_NUM_CORE_35,0,0
WB_ORDERING_STALL_CORE_35,0,0
WB_FULL_CORE_35,0,0
FENCE_TOT_CYCLES_CORE_35,0,0
FENCE_EXEC_CYCLES_CORE_35,0,0
STORE_RES_CORE_35,0,0
STORE_NUM_CORE_35,0,0
STORE_WB_FREE_CORE_35,0,0
NUM_SAMPLES_CORE_36,0,0
NUM_ACTIVE_BLOCKS_CORE_36,0,NaN
NUM_ACTIVE_THREADS_CORE_36,0,NaN
NUM_SCHED_IDLE_CYCLE_CORE_36,0,0
NUM_NO_SCHED_CYCLE_CORE_36,0,0
CORE_DISPATCHED_INST_CORE_36,0,0
CORE_DISPATCH_WAIT_CORE_36,0,NaN
CORE_CYCLES_CORE_36,0,0
CORE_SCHED_THREADS_CORE_36,0,NaN
CORE_NUM_NO_FETCH_CYCLES_CORE_36,0,0
CORE_NUM_NO_FETCH_CYCLES_WITH_READY_THREADS_CORE_36,0,0
CORE_NUM_FETCH_CYCLES_CORE_36,0,0
CORE_FETCH_DELTA_CORE_36,0,NaN
CORE_NUM_RETIRE_CYCLES_CORE_36,0,0
CORE_RETIRE_DELTA_CORE_36,0,NaN
FENCE_PREF_REQ_CORE_36,0,0
FENCE_WAITING_CORE_36,0,0
DYN_FENCE_NUM_CORE_36,0,0
WB_ORDERING_STALL_CORE_36,0,0
WB_FULL_CORE_36,0,0
FENCE_TOT_CYCLES_CORE_36,0,0
FENCE_EXEC_CYCLES_CORE_36,0,0
STORE_RES_CORE_36,0,0
STORE_NUM_CORE_36,0,0
STORE_WB_FREE_CORE_36,0,0
NUM_SAMPLES_CORE_37,0,0
NUM_ACTIVE_BLOCKS_CORE_37,0,NaN
NUM_ACTIVE_THREADS_CORE_37,0,NaN
NUM_SCHED_IDLE_CYCLE_CORE_37,0,0
NUM_NO_SCHED_CYCLE_CORE_37,0,0
CORE_DISPATCHED_INST_CORE_37,0,0
CORE_DISPATCH_WAIT_CORE_37,0,NaN
CORE_CYCLES_CORE_37,0,0
CORE_SCHED_THREADS_CORE_37,0,NaN
CORE_NUM_NO_FETCH_CYCLES_CORE_37,0,0
CORE_NUM_NO_FETCH_CYCLES_WITH_READY_THREADS_CORE_37,0,0
CORE_NUM_FETCH_CYCLES_CORE_37,0,0
CORE_FETCH_DELTA_CORE_37,0,NaN
CORE_NUM_RETIRE_CYCLES_CORE_37,0,0
CORE_RETIRE_DELTA_CORE_37,0,NaN
FENCE_PREF_REQ_CORE_37,0,0
FENCE_WAITING_CORE_37,0,0
DYN_FENCE_NUM_CORE_37,0,0
WB_ORDERING_STALL_CORE_37,0,0
WB_FULL_CORE_37,0,0
FENCE_TOT_CYCLES_CORE_37,0,0
FENCE_EXEC_CYCLES_CORE_37,0,0
STORE_RES_CORE_37,0,0
STORE_NUM_CORE_37,0,0
STORE_WB_FREE_CORE_37,0,0
NUM_SAMPLES_CORE_38,0,0
NUM_ACTIVE_BLOCKS_CORE_38,0,NaN
NUM_ACTIVE_THREADS_CORE_38,0,NaN
NUM_SCHED_IDLE_CYCLE_CORE_38,0,0
NUM_NO_SCHED_CYCLE_CORE_38,0,0
CORE_DISPATCHED_INST_CORE_38,0,0
CORE_DISPATCH_WAIT_CORE_38,0,NaN
CORE_CYCLES_CORE_38,0,0
CORE_SCHED_THREADS_CORE_38,0,NaN
CORE_NUM_NO_FETCH_CYCLES_CORE_38,0,0
CORE_NUM_NO_FETCH_CYCLES_WITH_READY_THREADS_CORE_38,0,0
CORE_NUM_FETCH_CYCLES_CORE_38,0,0
CORE_FETCH_DELTA_CORE_38,0,NaN
CORE_NUM_RETIRE_CYCLES_CORE_38,0,0
CORE_RETIRE_DELTA_CORE_38,0,NaN
FENCE_PREF_REQ_CORE_38,0,0
FENCE_WAITING_CORE_38,0,0
DYN_FENCE_NUM_CORE_38,0,0
WB_ORDERING_STALL_CORE_38,0,0
WB_FULL_CORE_38,0,0
FENCE_TOT_CYCLES_CORE_38,0,0
FENCE_EXEC_CYCLES_CORE_38,0,0
STORE_RES_CORE_38,0,0
STORE_NUM_CORE_38,0,0
STORE_WB_FREE_CORE_38,0,0
NUM_SAMPLES_CORE_39,0,0
NUM_ACTIVE_BLOCKS_CORE_39,0,NaN
NUM_ACTIVE_THREADS_CORE_39,0,NaN
NUM_SCHED_IDLE_CYCLE_CORE_39,0,0
NUM_NO_SCHED_CYCLE_CORE_39,0,0
CORE_DISPATCHED_INST_CORE_39,0,0
CORE_DISPATCH_WAIT_CORE_39,0,NaN
CORE_CYCLES_CORE_39,0,0
CORE_SCHED_THREADS_CORE_39,0,NaN
CORE_NUM_NO_FETCH_CYCLES_CORE_39,0,0
CORE_NUM_NO_FETCH_CYCLES_WITH_READY_THREADS_CORE_39,0,0
CORE_NUM_FETCH_CYCLES_CORE_39,0,0
CORE_FETCH_DELTA_CORE_39,0,NaN
CORE_NUM_RETIRE_CYCLES_CORE_39,0,0
CORE_RETIRE_DELTA_CORE_39,0,NaN
FENCE_PREF_REQ_CORE_39,0,0
FENCE_WAITING_CORE_39,0,0
DYN_FENCE_NUM_CORE_39,0,0
WB_ORDERING_STALL_CORE_39,0,0
WB_FULL_CORE_39,0,0
FENCE_TOT_CYCLES_CORE_39,0,0
FENCE_EXEC_CYCLES_CORE_39,0,0
STORE_RES_CORE_39,0,0
STORE_NUM_CORE_39,0,0
STORE_WB_FREE_CORE_39,0,0
NUM_SAMPLES_CORE_40,0,0
NUM_ACTIVE_BLOCKS_CORE_40,0,NaN
NUM_ACTIVE_THREADS_CORE_40,0,NaN
NUM_SCHED_IDLE_CYCLE_CORE_40,0,0
NUM_NO_SCHED_CYCLE_CORE_40,0,0
CORE_DISPATCHED_INST_CORE_40,0,0
CORE_DISPATCH_WAIT_CORE_40,0,NaN
CORE_CYCLES_CORE_40,0,0
CORE_SCHED_THREADS_CORE_40,0,NaN
CORE_NUM_NO_FETCH_CYCLES_CORE_40,0,0
CORE_NUM_NO_FETCH_CYCLES_WITH_READY_THREADS_CORE_40,0,0
CORE_NUM_FETCH_CYCLES_CORE_40,0,0
CORE_FETCH_DELTA_CORE_40,0,NaN
CORE_NUM_RETIRE_CYCLES_CORE_40,0,0
CORE_RETIRE_DELTA_CORE_40,0,NaN
FENCE_PREF_REQ_CORE_40,0,0
FENCE_WAITING_CORE_40,0,0
DYN_FENCE_NUM_CORE_40,0,0
WB_ORDERING_STALL_CORE_40,0,0
WB_FULL_CORE_40,0,0
FENCE_TOT_CYCLES_CORE_40,0,0
FENCE_EXEC_CYCLES_CORE_40,0,0
STORE_RES_CORE_40,0,0
STORE_NUM_CORE_40,0,0
STORE_WB_FREE_CORE_40,0,0
NUM_SAMPLES_CORE_41,0,0
NUM_ACTIVE_BLOCKS_CORE_41,0,NaN
NUM_ACTIVE_THREADS_CORE_41,0,NaN
NUM_SCHED_IDLE_CYCLE_CORE_41,0,0
NUM_NO_SCHED_CYCLE_CORE_41,0,0
CORE_DISPATCHED_INST_CORE_41,0,0
CORE_DISPATCH_WAIT_CORE_41,0,NaN
CORE_CYCLES_CORE_41,0,0
CORE_SCHED_THREADS_CORE_41,0,NaN
CORE_NUM_NO_FETCH_CYCLES_CORE_41,0,0
CORE_NUM_NO_FETCH_CYCLES_WITH_READY_THREADS_CORE_41,0,0
CORE_NUM_FETCH_CYCLES_CORE_41,0,0
CORE_FETCH_DELTA_CORE_41,0,NaN
CORE_NUM_RETIRE_CYCLES_CORE_41,0,0
CORE_RETIRE_DELTA_CORE_41,0,NaN
FENCE_PREF_REQ_CORE_41,0,0
FENCE_WAITING_CORE_41,0,0
DYN_FENCE_NUM_CORE_41,0,0
WB_ORDERING_STALL_CORE_41,0,0
WB_FULL_CORE_41,0,0
FENCE_TOT_CYCLES_CORE_41,0,0
FENCE_EXEC_CYCLES_CORE_41,0,0
STORE_RES_CORE_41,0,0
STORE_NUM_CORE_41,0,0
STORE_WB_FREE_CORE_41,0,0
NUM_SAMPLES_CORE_42,0,0
NUM_ACTIVE_BLOCKS_CORE_42,0,NaN
NUM_ACTIVE_THREADS_CORE_42,0,NaN
NUM_SCHED_IDLE_CYCLE_CORE_42,0,0
NUM_NO_SCHED_CYCLE_CORE_42,0,0
CORE_DISPATCHED_INST_CORE_42,0,0
CORE_DISPATCH_WAIT_CORE_42,0,NaN
CORE_CYCLES_CORE_42,0,0
CORE_SCHED_THREADS_CORE_42,0,NaN
CORE_NUM_NO_FETCH_CYCLES_CORE_42,0,0
CORE_NUM_NO_FETCH_CYCLES_WITH_READY_THREADS_CORE_42,0,0
CORE_NUM_FETCH_CYCLES_CORE_42,0,0
CORE_FETCH_DELTA_CORE_42,0,NaN
CORE_NUM_RETIRE_CYCLES_CORE_42,0,0
CORE_RETIRE_DELTA_CORE_42,0,NaN
FENCE_PREF_REQ_CORE_42,0,0
FENCE_WAITING_CORE_42,0,0
DYN_FENCE_NUM_CORE_42,0,0
WB_ORDERING_STALL_CORE_42,0,0
WB_FULL_CORE_42,0,0
FENCE_TOT_CYCLES_CORE_42,0,0
FENCE_EXEC_CYCLES_CORE_42,0,0
STORE_RES_CORE_42,0,0
STORE_NUM_CORE_42,0,0
STORE_WB_FREE_CORE_42,0,0
NUM_SAMPLES_CORE_43,0,0
NUM_ACTIVE_BLOCKS_CORE_43,0,NaN
NUM_ACTIVE_THREADS_CORE_43,0,NaN
NUM_SCHED_IDLE_CYCLE_CORE_43,0,0
NUM_NO_SCHED_CYCLE_CORE_43,0,0
CORE_DISPATCHED_INST_CORE_43,0,0
CORE_DISPATCH_WAIT_CORE_43,0,NaN
CORE_CYCLES_CORE_43,0,0
CORE_SCHED_THREADS_CORE_43,0,NaN
CORE_NUM_NO_FETCH_CYCLES_CORE_43,0,0
CORE_NUM_NO_FETCH_CYCLES_WITH_READY_THREADS_CORE_43,0,0
CORE_NUM_FETCH_CYCLES_CORE_43,0,0
CORE_FETCH_DELTA_CORE_43,0,NaN
CORE_NUM_RETIRE_CYCLES_CORE_43,0,0
CORE_RETIRE_DELTA_CORE_43,0,NaN
FENCE_PREF_REQ_CORE_43,0,0
FENCE_WAITING_CORE_43,0,0
DYN_FENCE_NUM_CORE_43,0,0
WB_ORDERING_STALL_CORE_43,0,0
WB_FULL_CORE_43,0,0
FENCE_TOT_CYCLES_CORE_43,0,0
FENCE_EXEC_CYCLES_CORE_43,0,0
STORE_RES_CORE_43,0,0
STORE_NUM_CORE_43,0,0
STORE_WB_FREE_CORE_43,0,0
NUM_SAMPLES_CORE_44,0,0
NUM_ACTIVE_BLOCKS_CORE_44,0,NaN
NUM_ACTIVE_THREADS_CORE_44,0,NaN
NUM_SCHED_IDLE_CYCLE_CORE_44,0,0
NUM_NO_SCHED_CYCLE_CORE_44,0,0
CORE_DISPATCHED_INST_CORE_44,0,0
CORE_DISPATCH_WAIT_CORE_44,0,NaN
CORE_CYCLES_CORE_44,0,0
CORE_SCHED_THREADS_CORE_44,0,NaN
CORE_NUM_NO_FETCH_CYCLES_CORE_44,0,0
CORE_NUM_NO_FETCH_CYCLES_WITH_READY_THREADS_CORE_44,0,0
CORE_NUM_FETCH_CYCLES_CORE_44,0,0
CORE_FETCH_DELTA_CORE_44,0,NaN
CORE_NUM_RETIRE_CYCLES_CORE_44,0,0
CORE_RETIRE_DELTA_CORE_44,0,NaN
FENCE_PREF_REQ_CORE_44,0,0
FENCE_WAITING_CORE_44,0,0
DYN_FENCE_NUM_CORE_44,0,0
WB_ORDERING_STALL_CORE_44,0,0
WB_FULL_CORE_44,0,0
FENCE_TOT_CYCLES_CORE_44,0,0
FENCE_EXEC_CYCLES_CORE_44,0,0
STORE_RES_CORE_44,0,0
STORE_NUM_CORE_44,0,0
STORE_WB_FREE_CORE_44,0,0
NUM_SAMPLES_CORE_45,0,0
NUM_ACTIVE_BLOCKS_CORE_45,0,NaN
NUM_ACTIVE_THREADS_CORE_45,0,NaN
NUM_SCHED_IDLE_CYCLE_CORE_45,0,0
NUM_NO_SCHED_CYCLE_CORE_45,0,0
CORE_DISPATCHED_INST_CORE_45,0,0
CORE_DISPATCH_WAIT_CORE_45,0,NaN
CORE_CYCLES_CORE_45,0,0
CORE_SCHED_THREADS_CORE_45,0,NaN
CORE_NUM_NO_FETCH_CYCLES_CORE_45,0,0
CORE_NUM_NO_FETCH_CYCLES_WITH_READY_THREADS_CORE_45,0,0
CORE_NUM_FETCH_CYCLES_CORE_45,0,0
CORE_FETCH_DELTA_CORE_45,0,NaN
CORE_NUM_RETIRE_CYCLES_CORE_45,0,0
CORE_RETIRE_DELTA_CORE_45,0,NaN
FENCE_PREF_REQ_CORE_45,0,0
FENCE_WAITING_CORE_45,0,0
DYN_FENCE_NUM_CORE_45,0,0
WB_ORDERING_STALL_CORE_45,0,0
WB_FULL_CORE_45,0,0
FENCE_TOT_CYCLES_CORE_45,0,0
FENCE_EXEC_CYCLES_CORE_45,0,0
STORE_RES_CORE_45,0,0
STORE_NUM_CORE_45,0,0
STORE_WB_FREE_CORE_45,0,0
NUM_SAMPLES_CORE_46,0,0
NUM_ACTIVE_BLOCKS_CORE_46,0,NaN
NUM_ACTIVE_THREADS_CORE_46,0,NaN
NUM_SCHED_IDLE_CYCLE_CORE_46,0,0
NUM_NO_SCHED_CYCLE_CORE_46,0,0
CORE_DISPATCHED_INST_CORE_46,0,0
CORE_DISPATCH_WAIT_CORE_46,0,NaN
CORE_CYCLES_CORE_46,0,0
CORE_SCHED_THREADS_CORE_46,0,NaN
CORE_NUM_NO_FETCH_CYCLES_CORE_46,0,0
CORE_NUM_NO_FETCH_CYCLES_WITH_READY_THREADS_CORE_46,0,0
CORE_NUM_FETCH_CYCLES_CORE_46,0,0
CORE_FETCH_DELTA_CORE_46,0,NaN
CORE_NUM_RETIRE_CYCLES_CORE_46,0,0
CORE_RETIRE_DELTA_CORE_46,0,NaN
FENCE_PREF_REQ_CORE_46,0,0
FENCE_WAITING_CORE_46,0,0
DYN_FENCE_NUM_CORE_46,0,0
WB_ORDERING_STALL_CORE_46,0,0
WB_FULL_CORE_46,0,0
FENCE_TOT_CYCLES_CORE_46,0,0
FENCE_EXEC_CYCLES_CORE_46,0,0
STORE_RES_CORE_46,0,0
STORE_NUM_CORE_46,0,0
STORE_WB_FREE_CORE_46,0,0
NUM_SAMPLES_CORE_47,0,0
NUM_ACTIVE_BLOCKS_CORE_47,0,NaN
NUM_ACTIVE_THREADS_CORE_47,0,NaN
NUM_SCHED_IDLE_CYCLE_CORE_47,0,0
NUM_NO_SCHED_CYCLE_CORE_47,0,0
CORE_DISPATCHED_INST_CORE_47,0,0
CORE_DISPATCH_WAIT_CORE_47,0,NaN
CORE_CYCLES_CORE_47,0,0
CORE_SCHED_THREADS_CORE_47,0,NaN
CORE_NUM_NO_FETCH_CYCLES_CORE_47,0,0
CORE_NUM_NO_FETCH_CYCLES_WITH_READY_THREADS_CORE_47,0,0
CORE_NUM_FETCH_CYCLES_CORE_47,0,0
CORE_FETCH_DELTA_CORE_47,0,NaN
CORE_NUM_RETIRE_CYCLES_CORE_47,0,0
CORE_RETIRE_DELTA_CORE_47,0,NaN
FENCE_PREF_REQ_CORE_47,0,0
FENCE_WAITING_CORE_47,0,0
DYN_FENCE_NUM_CORE_47,0,0
WB_ORDERING_STALL_CORE_47,0,0
WB_FULL_CORE_47,0,0
FENCE_TOT_CYCLES_CORE_47,0,0
FENCE_EXEC_CYCLES_CORE_47,0,0
STORE_RES_CORE_47,0,0
STORE_NUM_CORE_47,0,0
STORE_WB_FREE_CORE_47,0,0
NUM_SAMPLES_CORE_48,0,0
NUM_ACTIVE_BLOCKS_CORE_48,0,NaN
NUM_ACTIVE_THREADS_CORE_48,0,NaN
NUM_SCHED_IDLE_CYCLE_CORE_48,0,0
NUM_NO_SCHED_CYCLE_CORE_48,0,0
CORE_DISPATCHED_INST_CORE_48,0,0
CORE_DISPATCH_WAIT_CORE_48,0,NaN
CORE_CYCLES_CORE_48,0,0
CORE_SCHED_THREADS_CORE_48,0,NaN
CORE_NUM_NO_FETCH_CYCLES_CORE_48,0,0
CORE_NUM_NO_FETCH_CYCLES_WITH_READY_THREADS_CORE_48,0,0
CORE_NUM_FETCH_CYCLES_CORE_48,0,0
CORE_FETCH_DELTA_CORE_48,0,NaN
CORE_NUM_RETIRE_CYCLES_CORE_48,0,0
CORE_RETIRE_DELTA_CORE_48,0,NaN
FENCE_PREF_REQ_CORE_48,0,0
FENCE_WAITING_CORE_48,0,0
DYN_FENCE_NUM_CORE_48,0,0
WB_ORDERING_STALL_CORE_48,0,0
WB_FULL_CORE_48,0,0
FENCE_TOT_CYCLES_CORE_48,0,0
FENCE_EXEC_CYCLES_CORE_48,0,0
STORE_RES_CORE_48,0,0
STORE_NUM_CORE_48,0,0
STORE_WB_FREE_CORE_48,0,0
NUM_SAMPLES_CORE_49,0,0
NUM_ACTIVE_BLOCKS_CORE_49,0,NaN
NUM_ACTIVE_THREADS_CORE_49,0,NaN
NUM_SCHED_IDLE_CYCLE_CORE_49,0,0
NUM_NO_SCHED_CYCLE_CORE_49,0,0
CORE_DISPATCHED_INST_CORE_49,0,0
CORE_DISPATCH_WAIT_CORE_49,0,NaN
CORE_CYCLES_CORE_49,0,0
CORE_SCHED_THREADS_CORE_49,0,NaN
CORE_NUM_NO_FETCH_CYCLES_CORE_49,0,0
CORE_NUM_NO_FETCH_CYCLES_WITH_READY_THREADS_CORE_49,0,0
CORE_NUM_FETCH_CYCLES_CORE_49,0,0
CORE_FETCH_DELTA_CORE_49,0,NaN
CORE_NUM_RETIRE_CYCLES_CORE_49,0,0
CORE_RETIRE_DELTA_CORE_49,0,NaN
FENCE_PREF_REQ_CORE_49,0,0
FENCE_WAITING_CORE_49,0,0
DYN_FENCE_NUM_CORE_49,0,0
WB_ORDERING_STALL_CORE_49,0,0
WB_FULL_CORE_49,0,0
FENCE_TOT_CYCLES_CORE_49,0,0
FENCE_EXEC_CYCLES_CORE_49,0,0
STORE_RES_CORE_49,0,0
STORE_NUM_CORE_49,0,0
STORE_WB_FREE_CORE_49,0,0
NUM_SAMPLES_CORE_50,0,0
NUM_ACTIVE_BLOCKS_CORE_50,0,NaN
NUM_ACTIVE_THREADS_CORE_50,0,NaN
NUM_SCHED_IDLE_CYCLE_CORE_50,0,0
NUM_NO_SCHED_CYCLE_CORE_50,0,0
CORE_DISPATCHED_INST_CORE_50,0,0
CORE_DISPATCH_WAIT_CORE_50,0,NaN
CORE_CYCLES_CORE_50,0,0
CORE_SCHED_THREADS_CORE_50,0,NaN
CORE_NUM_NO_FETCH_CYCLES_CORE_50,0,0
CORE_NUM_NO_FETCH_CYCLES_WITH_READY_THREADS_CORE_50,0,0
CORE_NUM_FETCH_CYCLES_CORE_50,0,0
CORE_FETCH_DELTA_CORE_50,0,NaN
CORE_NUM_RETIRE_CYCLES_CORE_50,0,0
CORE_RETIRE_DELTA_CORE_50,0,NaN
FENCE_PREF_REQ_CORE_50,0,0
FENCE_WAITING_CORE_50,0,0
DYN_FENCE_NUM_CORE_50,0,0
WB_ORDERING_STALL_CORE_50,0,0
WB_FULL_CORE_50,0,0
FENCE_TOT_CYCLES_CORE_50,0,0
FENCE_EXEC_CYCLES_CORE_50,0,0
STORE_RES_CORE_50,0,0
STORE_NUM_CORE_50,0,0
STORE_WB_FREE_CORE_50,0,0
NUM_SAMPLES_CORE_51,0,0
NUM_ACTIVE_BLOCKS_CORE_51,0,NaN
NUM_ACTIVE_THREADS_CORE_51,0,NaN
NUM_SCHED_IDLE_CYCLE_CORE_51,0,0
NUM_NO_SCHED_CYCLE_CORE_51,0,0
CORE_DISPATCHED_INST_CORE_51,0,0
CORE_DISPATCH_WAIT_CORE_51,0,NaN
CORE_CYCLES_CORE_51,0,0
CORE_SCHED_THREADS_CORE_51,0,NaN
CORE_NUM_NO_FETCH_CYCLES_CORE_51,0,0
CORE_NUM_NO_FETCH_CYCLES_WITH_READY_THREADS_CORE_51,0,0
CORE_NUM_FETCH_CYCLES_CORE_51,0,0
CORE_FETCH_DELTA_CORE_51,0,NaN
CORE_NUM_RETIRE_CYCLES_CORE_51,0,0
CORE_RETIRE_DELTA_CORE_51,0,NaN
FENCE_PREF_REQ_CORE_51,0,0
FENCE_WAITING_CORE_51,0,0
DYN_FENCE_NUM_CORE_51,0,0
WB_ORDERING_STALL_CORE_51,0,0
WB_FULL_CORE_51,0,0
FENCE_TOT_CYCLES_CORE_51,0,0
FENCE_EXEC_CYCLES_CORE_51,0,0
STORE_RES_CORE_51,0,0
STORE_NUM_CORE_51,0,0
STORE_WB_FREE_CORE_51,0,0
NUM_SAMPLES_CORE_52,0,0
NUM_ACTIVE_BLOCKS_CORE_52,0,NaN
NUM_ACTIVE_THREADS_CORE_52,0,NaN
NUM_SCHED_IDLE_CYCLE_CORE_52,0,0
NUM_NO_SCHED_CYCLE_CORE_52,0,0
CORE_DISPATCHED_INST_CORE_52,0,0
CORE_DISPATCH_WAIT_CORE_52,0,NaN
CORE_CYCLES_CORE_52,0,0
CORE_SCHED_THREADS_CORE_52,0,NaN
CORE_NUM_NO_FETCH_CYCLES_CORE_52,0,0
CORE_NUM_NO_FETCH_CYCLES_WITH_READY_THREADS_CORE_52,0,0
CORE_NUM_FETCH_CYCLES_CORE_52,0,0
CORE_FETCH_DELTA_CORE_52,0,NaN
CORE_NUM_RETIRE_CYCLES_CORE_52,0,0
CORE_RETIRE_DELTA_CORE_52,0,NaN
FENCE_PREF_REQ_CORE_52,0,0
FENCE_WAITING_CORE_52,0,0
DYN_FENCE_NUM_CORE_52,0,0
WB_ORDERING_STALL_CORE_52,0,0
WB_FULL_CORE_52,0,0
FENCE_TOT_CYCLES_CORE_52,0,0
FENCE_EXEC_CYCLES_CORE_52,0,0
STORE_RES_CORE_52,0,0
STORE_NUM_CORE_52,0,0
STORE_WB_FREE_CORE_52,0,0
NUM_SAMPLES_CORE_53,0,0
NUM_ACTIVE_BLOCKS_CORE_53,0,NaN
NUM_ACTIVE_THREADS_CORE_53,0,NaN
NUM_SCHED_IDLE_CYCLE_CORE_53,0,0
NUM_NO_SCHED_CYCLE_CORE_53,0,0
CORE_DISPATCHED_INST_CORE_53,0,0
CORE_DISPATCH_WAIT_CORE_53,0,NaN
CORE_CYCLES_CORE_53,0,0
CORE_SCHED_THREADS_CORE_53,0,NaN
CORE_NUM_NO_FETCH_CYCLES_CORE_53,0,0
CORE_NUM_NO_FETCH_CYCLES_WITH_READY_THREADS_CORE_53,0,0
CORE_NUM_FETCH_CYCLES_CORE_53,0,0
CORE_FETCH_DELTA_CORE_53,0,NaN
CORE_NUM_RETIRE_CYCLES_CORE_53,0,0
CORE_RETIRE_DELTA_CORE_53,0,NaN
FENCE_PREF_REQ_CORE_53,0,0
FENCE_WAITING_CORE_53,0,0
DYN_FENCE_NUM_CORE_53,0,0
WB_ORDERING_STALL_CORE_53,0,0
WB_FULL_CORE_53,0,0
FENCE_TOT_CYCLES_CORE_53,0,0
FENCE_EXEC_CYCLES_CORE_53,0,0
STORE_RES_CORE_53,0,0
STORE_NUM_CORE_53,0,0
STORE_WB_FREE_CORE_53,0,0
NUM_SAMPLES_CORE_54,0,0
NUM_ACTIVE_BLOCKS_CORE_54,0,NaN
NUM_ACTIVE_THREADS_CORE_54,0,NaN
NUM_SCHED_IDLE_CYCLE_CORE_54,0,0
NUM_NO_SCHED_CYCLE_CORE_54,0,0
CORE_DISPATCHED_INST_CORE_54,0,0
CORE_DISPATCH_WAIT_CORE_54,0,NaN
CORE_CYCLES_CORE_54,0,0
CORE_SCHED_THREADS_CORE_54,0,NaN
CORE_NUM_NO_FETCH_CYCLES_CORE_54,0,0
CORE_NUM_NO_FETCH_CYCLES_WITH_READY_THREADS_CORE_54,0,0
CORE_NUM_FETCH_CYCLES_CORE_54,0,0
CORE_FETCH_DELTA_CORE_54,0,NaN
CORE_NUM_RETIRE_CYCLES_CORE_54,0,0
CORE_RETIRE_DELTA_CORE_54,0,NaN
FENCE_PREF_REQ_CORE_54,0,0
FENCE_WAITING_CORE_54,0,0
DYN_FENCE_NUM_CORE_54,0,0
WB_ORDERING_STALL_CORE_54,0,0
WB_FULL_CORE_54,0,0
FENCE_TOT_CYCLES_CORE_54,0,0
FENCE_EXEC_CYCLES_CORE_54,0,0
STORE_RES_CORE_54,0,0
STORE_NUM_CORE_54,0,0
STORE_WB_FREE_CORE_54,0,0
NUM_SAMPLES_CORE_55,0,0
NUM_ACTIVE_BLOCKS_CORE_55,0,NaN
NUM_ACTIVE_THREADS_CORE_55,0,NaN
NUM_SCHED_IDLE_CYCLE_CORE_55,0,0
NUM_NO_SCHED_CYCLE_CORE_55,0,0
CORE_DISPATCHED_INST_CORE_55,0,0
CORE_DISPATCH_WAIT_CORE_55,0,NaN
CORE_CYCLES_CORE_55,0,0
CORE_SCHED_THREADS_CORE_55,0,NaN
CORE_NUM_NO_FETCH_CYCLES_CORE_55,0,0
CORE_NUM_NO_FETCH_CYCLES_WITH_READY_THREADS_CORE_55,0,0
CORE_NUM_FETCH_CYCLES_CORE_55,0,0
CORE_FETCH_DELTA_CORE_55,0,NaN
CORE_NUM_RETIRE_CYCLES_CORE_55,0,0
CORE_RETIRE_DELTA_CORE_55,0,NaN
FENCE_PREF_REQ_CORE_55,0,0
FENCE_WAITING_CORE_55,0,0
DYN_FENCE_NUM_CORE_55,0,0
WB_ORDERING_STALL_CORE_55,0,0
WB_FULL_CORE_55,0,0
FENCE_TOT_CYCLES_CORE_55,0,0
FENCE_EXEC_CYCLES_CORE_55,0,0
STORE_RES_CORE_55,0,0
STORE_NUM_CORE_55,0,0
STORE_WB_FREE_CORE_55,0,0
NUM_SAMPLES_CORE_56,0,0
NUM_ACTIVE_BLOCKS_CORE_56,0,NaN
NUM_ACTIVE_THREADS_CORE_56,0,NaN
NUM_SCHED_IDLE_CYCLE_CORE_56,0,0
NUM_NO_SCHED_CYCLE_CORE_56,0,0
CORE_DISPATCHED_INST_CORE_56,0,0
CORE_DISPATCH_WAIT_CORE_56,0,NaN
CORE_CYCLES_CORE_56,0,0
CORE_SCHED_THREADS_CORE_56,0,NaN
CORE_NUM_NO_FETCH_CYCLES_CORE_56,0,0
CORE_NUM_NO_FETCH_CYCLES_WITH_READY_THREADS_CORE_56,0,0
CORE_NUM_FETCH_CYCLES_CORE_56,0,0
CORE_FETCH_DELTA_CORE_56,0,NaN
CORE_NUM_RETIRE_CYCLES_CORE_56,0,0
CORE_RETIRE_DELTA_CORE_56,0,NaN
FENCE_PREF_REQ_CORE_56,0,0
FENCE_WAITING_CORE_56,0,0
DYN_FENCE_NUM_CORE_56,0,0
WB_ORDERING_STALL_CORE_56,0,0
WB_FULL_CORE_56,0,0
FENCE_TOT_CYCLES_CORE_56,0,0
FENCE_EXEC_CYCLES_CORE_56,0,0
STORE_RES_CORE_56,0,0
STORE_NUM_CORE_56,0,0
STORE_WB_FREE_CORE_56,0,0
NUM_SAMPLES_CORE_57,0,0
NUM_ACTIVE_BLOCKS_CORE_57,0,NaN
NUM_ACTIVE_THREADS_CORE_57,0,NaN
NUM_SCHED_IDLE_CYCLE_CORE_57,0,0
NUM_NO_SCHED_CYCLE_CORE_57,0,0
CORE_DISPATCHED_INST_CORE_57,0,0
CORE_DISPATCH_WAIT_CORE_57,0,NaN
CORE_CYCLES_CORE_57,0,0
CORE_SCHED_THREADS_CORE_57,0,NaN
CORE_NUM_NO_FETCH_CYCLES_CORE_57,0,0
CORE_NUM_NO_FETCH_CYCLES_WITH_READY_THREADS_CORE_57,0,0
CORE_NUM_FETCH_CYCLES_CORE_57,0,0
CORE_FETCH_DELTA_CORE_57,0,NaN
CORE_NUM_RETIRE_CYCLES_CORE_57,0,0
CORE_RETIRE_DELTA_CORE_57,0,NaN
FENCE_PREF_REQ_CORE_57,0,0
FENCE_WAITING_CORE_57,0,0
DYN_FENCE_NUM_CORE_57,0,0
WB_ORDERING_STALL_CORE_57,0,0
WB_FULL_CORE_57,0,0
FENCE_TOT_CYCLES_CORE_57,0,0
FENCE_EXEC_CYCLES_CORE_57,0,0
STORE_RES_CORE_57,0,0
STORE_NUM_CORE_57,0,0
STORE_WB_FREE_CORE_57,0,0
NUM_SAMPLES_CORE_58,0,0
NUM_ACTIVE_BLOCKS_CORE_58,0,NaN
NUM_ACTIVE_THREADS_CORE_58,0,NaN
NUM_SCHED_IDLE_CYCLE_CORE_58,0,0
NUM_NO_SCHED_CYCLE_CORE_58,0,0
CORE_DISPATCHED_INST_CORE_58,0,0
CORE_DISPATCH_WAIT_CORE_58,0,NaN
CORE_CYCLES_CORE_58,0,0
CORE_SCHED_THREADS_CORE_58,0,NaN
CORE_NUM_NO_FETCH_CYCLES_CORE_58,0,0
CORE_NUM_NO_FETCH_CYCLES_WITH_READY_THREADS_CORE_58,0,0
CORE_NUM_FETCH_CYCLES_CORE_58,0,0
CORE_FETCH_DELTA_CORE_58,0,NaN
CORE_NUM_RETIRE_CYCLES_CORE_58,0,0
CORE_RETIRE_DELTA_CORE_58,0,NaN
FENCE_PREF_REQ_CORE_58,0,0
FENCE_WAITING_CORE_58,0,0
DYN_FENCE_NUM_CORE_58,0,0
WB_ORDERING_STALL_CORE_58,0,0
WB_FULL_CORE_58,0,0
FENCE_TOT_CYCLES_CORE_58,0,0
FENCE_EXEC_CYCLES_CORE_58,0,0
STORE_RES_CORE_58,0,0
STORE_NUM_CORE_58,0,0
STORE_WB_FREE_CORE_58,0,0
NUM_SAMPLES_CORE_59,0,0
NUM_ACTIVE_BLOCKS_CORE_59,0,NaN
NUM_ACTIVE_THREADS_CORE_59,0,NaN
NUM_SCHED_IDLE_CYCLE_CORE_59,0,0
NUM_NO_SCHED_CYCLE_CORE_59,0,0
CORE_DISPATCHED_INST_CORE_59,0,0
CORE_DISPATCH_WAIT_CORE_59,0,NaN
CORE_CYCLES_CORE_59,0,0
CORE_SCHED_THREADS_CORE_59,0,NaN
CORE_NUM_NO_FETCH_CYCLES_CORE_59,0,0
CORE_NUM_NO_FETCH_CYCLES_WITH_READY_THREADS_CORE_59,0,0
CORE_NUM_FETCH_CYCLES_CORE_59,0,0
CORE_FETCH_DELTA_CORE_59,0,NaN
CORE_NUM_RETIRE_CYCLES_CORE_59,0,0
CORE_RETIRE_DELTA_CORE_59,0,NaN
FENCE_PREF_REQ_CORE_59,0,0
FENCE_WAITING_CORE_59,0,0
DYN_FENCE_NUM_CORE_59,0,0
WB_ORDERING_STALL_CORE_59,0,0
WB_FULL_CORE_59,0,0
FENCE_TOT_CYCLES_CORE_59,0,0
FENCE_EXEC_CYCLES_CORE_59,0,0
STORE_RES_CORE_59,0,0
STORE_NUM_CORE_59,0,0
STORE_WB_FREE_CORE_59,0,0
NUM_SAMPLES_CORE_60,0,0
NUM_ACTIVE_BLOCKS_CORE_60,0,NaN
NUM_ACTIVE_THREADS_CORE_60,0,NaN
NUM_SCHED_IDLE_CYCLE_CORE_60,0,0
NUM_NO_SCHED_CYCLE_CORE_60,0,0
CORE_DISPATCHED_INST_CORE_60,0,0
CORE_DISPATCH_WAIT_CORE_60,0,NaN
CORE_CYCLES_CORE_60,0,0
CORE_SCHED_THREADS_CORE_60,0,NaN
CORE_NUM_NO_FETCH_CYCLES_CORE_60,0,0
CORE_NUM_NO_FETCH_CYCLES_WITH_READY_THREADS_CORE_60,0,0
CORE_NUM_FETCH_CYCLES_CORE_60,0,0
CORE_FETCH_DELTA_CORE_60,0,NaN
CORE_NUM_RETIRE_CYCLES_CORE_60,0,0
CORE_RETIRE_DELTA_CORE_60,0,NaN
FENCE_PREF_REQ_CORE_60,0,0
FENCE_WAITING_CORE_60,0,0
DYN_FENCE_NUM_CORE_60,0,0
WB_ORDERING_STALL_CORE_60,0,0
WB_FULL_CORE_60,0,0
FENCE_TOT_CYCLES_CORE_60,0,0
FENCE_EXEC_CYCLES_CORE_60,0,0
STORE_RES_CORE_60,0,0
STORE_NUM_CORE_60,0,0
STORE_WB_FREE_CORE_60,0,0
NUM_SAMPLES_CORE_61,0,0
NUM_ACTIVE_BLOCKS_CORE_61,0,NaN
NUM_ACTIVE_THREADS_CORE_61,0,NaN
NUM_SCHED_IDLE_CYCLE_CORE_61,0,0
NUM_NO_SCHED_CYCLE_CORE_61,0,0
CORE_DISPATCHED_INST_CORE_61,0,0
CORE_DISPATCH_WAIT_CORE_61,0,NaN
CORE_CYCLES_CORE_61,0,0
CORE_SCHED_THREADS_CORE_61,0,NaN
CORE_NUM_NO_FETCH_CYCLES_CORE_61,0,0
CORE_NUM_NO_FETCH_CYCLES_WITH_READY_THREADS_CORE_61,0,0
CORE_NUM_FETCH_CYCLES_CORE_61,0,0
CORE_FETCH_DELTA_CORE_61,0,NaN
CORE_NUM_RETIRE_CYCLES_CORE_61,0,0
CORE_RETIRE_DELTA_CORE_61,0,NaN
FENCE_PREF_REQ_CORE_61,0,0
FENCE_WAITING_CORE_61,0,0
DYN_FENCE_NUM_CORE_61,0,0
WB_ORDERING_STALL_CORE_61,0,0
WB_FULL_CORE_61,0,0
FENCE_TOT_CYCLES_CORE_61,0,0
FENCE_EXEC_CYCLES_CORE_61,0,0
STORE_RES_CORE_61,0,0
STORE_NUM_CORE_61,0,0
STORE_WB_FREE_CORE_61,0,0
NUM_SAMPLES_CORE_62,0,0
NUM_ACTIVE_BLOCKS_CORE_62,0,NaN
NUM_ACTIVE_THREADS_CORE_62,0,NaN
NUM_SCHED_IDLE_CYCLE_CORE_62,0,0
NUM_NO_SCHED_CYCLE_CORE_62,0,0
CORE_DISPATCHED_INST_CORE_62,0,0
CORE_DISPATCH_WAIT_CORE_62,0,NaN
CORE_CYCLES_CORE_62,0,0
CORE_SCHED_THREADS_CORE_62,0,NaN
CORE_NUM_NO_FETCH_CYCLES_CORE_62,0,0
CORE_NUM_NO_FETCH_CYCLES_WITH_READY_THREADS_CORE_62,0,0
CORE_NUM_FETCH_CYCLES_CORE_62,0,0
CORE_FETCH_DELTA_CORE_62,0,NaN
CORE_NUM_RETIRE_CYCLES_CORE_62,0,0
CORE_RETIRE_DELTA_CORE_62,0,NaN
FENCE_PREF_REQ_CORE_62,0,0
FENCE_WAITING_CORE_62,0,0
DYN_FENCE_NUM_CORE_62,0,0
WB_ORDERING_STALL_CORE_62,0,0
WB_FULL_CORE_62,0,0
FENCE_TOT_CYCLES_CORE_62,0,0
FENCE_EXEC_CYCLES_CORE_62,0,0
STORE_RES_CORE_62,0,0
STORE_NUM_CORE_62,0,0
STORE_WB_FREE_CORE_62,0,0
NUM_SAMPLES_CORE_63,0,0
NUM_ACTIVE_BLOCKS_CORE_63,0,NaN
NUM_ACTIVE_THREADS_CORE_63,0,NaN
NUM_SCHED_IDLE_CYCLE_CORE_63,0,0
NUM_NO_SCHED_CYCLE_CORE_63,0,0
CORE_DISPATCHED_INST_CORE_63,0,0
CORE_DISPATCH_WAIT_CORE_63,0,NaN
CORE_CYCLES_CORE_63,0,0
CORE_SCHED_THREADS_CORE_63,0,NaN
CORE_NUM_NO_FETCH_CYCLES_CORE_63,0,0
CORE_NUM_NO_FETCH_CYCLES_WITH_READY_THREADS_CORE_63,0,0
CORE_NUM_FETCH_CYCLES_CORE_63,0,0
CORE_FETCH_DELTA_CORE_63,0,NaN
CORE_NUM_RETIRE_CYCLES_CORE_63,0,0
CORE_RETIRE_DELTA_CORE_63,0,NaN
FENCE_PREF_REQ_CORE_63,0,0
FENCE_WAITING_CORE_63,0,0
DYN_FENCE_NUM_CORE_63,0,0
WB_ORDERING_STALL_CORE_63,0,0
WB_FULL_CORE_63,0,0
FENCE_TOT_CYCLES_CORE_63,0,0
FENCE_EXEC_CYCLES_CORE_63,0,0
STORE_RES_CORE_63,0,0
STORE_NUM_CORE_63,0,0
STORE_WB_FREE_CORE_63,0,0
NUM_SAMPLES_CORE_64,0,0
NUM_ACTIVE_BLOCKS_CORE_64,0,NaN
NUM_ACTIVE_THREADS_CORE_64,0,NaN
NUM_SCHED_IDLE_CYCLE_CORE_64,0,0
NUM_NO_SCHED_CYCLE_CORE_64,0,0
CORE_DISPATCHED_INST_CORE_64,0,0
CORE_DISPATCH_WAIT_CORE_64,0,NaN
CORE_CYCLES_CORE_64,0,0
CORE_SCHED_THREADS_CORE_64,0,NaN
CORE_NUM_NO_FETCH_CYCLES_CORE_64,0,0
CORE_NUM_NO_FETCH_CYCLES_WITH_READY_THREADS_CORE_64,0,0
CORE_NUM_FETCH_CYCLES_CORE_64,0,0
CORE_FETCH_DELTA_CORE_64,0,NaN
CORE_NUM_RETIRE_CYCLES_CORE_64,0,0
CORE_RETIRE_DELTA_CORE_64,0,NaN
FENCE_PREF_REQ_CORE_64,0,0
FENCE_WAITING_CORE_64,0,0
DYN_FENCE_NUM_CORE_64,0,0
WB_ORDERING_STALL_CORE_64,0,0
WB_FULL_CORE_64,0,0
FENCE_TOT_CYCLES_CORE_64,0,0
FENCE_EXEC_CYCLES_CORE_64,0,0
STORE_RES_CORE_64,0,0
STORE_NUM_CORE_64,0,0
STORE_WB_FREE_CORE_64,0,0
NUM_SAMPLES_CORE_65,0,0
NUM_ACTIVE_BLOCKS_CORE_65,0,NaN
NUM_ACTIVE_THREADS_CORE_65,0,NaN
NUM_SCHED_IDLE_CYCLE_CORE_65,0,0
NUM_NO_SCHED_CYCLE_CORE_65,0,0
CORE_DISPATCHED_INST_CORE_65,0,0
CORE_DISPATCH_WAIT_CORE_65,0,NaN
CORE_CYCLES_CORE_65,0,0
CORE_SCHED_THREADS_CORE_65,0,NaN
CORE_NUM_NO_FETCH_CYCLES_CORE_65,0,0
CORE_NUM_NO_FETCH_CYCLES_WITH_READY_THREADS_CORE_65,0,0
CORE_NUM_FETCH_CYCLES_CORE_65,0,0
CORE_FETCH_DELTA_CORE_65,0,NaN
CORE_NUM_RETIRE_CYCLES_CORE_65,0,0
CORE_RETIRE_DELTA_CORE_65,0,NaN
FENCE_PREF_REQ_CORE_65,0,0
FENCE_WAITING_CORE_65,0,0
DYN_FENCE_NUM_CORE_65,0,0
WB_ORDERING_STALL_CORE_65,0,0
WB_FULL_CORE_65,0,0
FENCE_TOT_CYCLES_CORE_65,0,0
FENCE_EXEC_CYCLES_CORE_65,0,0
STORE_RES_CORE_65,0,0
STORE_NUM_CORE_65,0,0
STORE_WB_FREE_CORE_65,0,0
NUM_SAMPLES_CORE_66,0,0
NUM_ACTIVE_BLOCKS_CORE_66,0,NaN
NUM_ACTIVE_THREADS_CORE_66,0,NaN
NUM_SCHED_IDLE_CYCLE_CORE_66,0,0
NUM_NO_SCHED_CYCLE_CORE_66,0,0
CORE_DISPATCHED_INST_CORE_66,0,0
CORE_DISPATCH_WAIT_CORE_66,0,NaN
CORE_CYCLES_CORE_66,0,0
CORE_SCHED_THREADS_CORE_66,0,NaN
CORE_NUM_NO_FETCH_CYCLES_CORE_66,0,0
CORE_NUM_NO_FETCH_CYCLES_WITH_READY_THREADS_CORE_66,0,0
CORE_NUM_FETCH_CYCLES_CORE_66,0,0
CORE_FETCH_DELTA_CORE_66,0,NaN
CORE_NUM_RETIRE_CYCLES_CORE_66,0,0
CORE_RETIRE_DELTA_CORE_66,0,NaN
FENCE_PREF_REQ_CORE_66,0,0
FENCE_WAITING_CORE_66,0,0
DYN_FENCE_NUM_CORE_66,0,0
WB_ORDERING_STALL_CORE_66,0,0
WB_FULL_CORE_66,0,0
FENCE_TOT_CYCLES_CORE_66,0,0
FENCE_EXEC_CYCLES_CORE_66,0,0
STORE_RES_CORE_66,0,0
STORE_NUM_CORE_66,0,0
STORE_WB_FREE_CORE_66,0,0
NUM_SAMPLES_CORE_67,0,0
NUM_ACTIVE_BLOCKS_CORE_67,0,NaN
NUM_ACTIVE_THREADS_CORE_67,0,NaN
NUM_SCHED_IDLE_CYCLE_CORE_67,0,0
NUM_NO_SCHED_CYCLE_CORE_67,0,0
CORE_DISPATCHED_INST_CORE_67,0,0
CORE_DISPATCH_WAIT_CORE_67,0,NaN
CORE_CYCLES_CORE_67,0,0
CORE_SCHED_THREADS_CORE_67,0,NaN
CORE_NUM_NO_FETCH_CYCLES_CORE_67,0,0
CORE_NUM_NO_FETCH_CYCLES_WITH_READY_THREADS_CORE_67,0,0
CORE_NUM_FETCH_CYCLES_CORE_67,0,0
CORE_FETCH_DELTA_CORE_67,0,NaN
CORE_NUM_RETIRE_CYCLES_CORE_67,0,0
CORE_RETIRE_DELTA_CORE_67,0,NaN
FENCE_PREF_REQ_CORE_67,0,0
FENCE_WAITING_CORE_67,0,0
DYN_FENCE_NUM_CORE_67,0,0
WB_ORDERING_STALL_CORE_67,0,0
WB_FULL_CORE_67,0,0
FENCE_TOT_CYCLES_CORE_67,0,0
FENCE_EXEC_CYCLES_CORE_67,0,0
STORE_RES_CORE_67,0,0
STORE_NUM_CORE_67,0,0
STORE_WB_FREE_CORE_67,0,0
NUM_SAMPLES_CORE_68,0,0
NUM_ACTIVE_BLOCKS_CORE_68,0,NaN
NUM_ACTIVE_THREADS_CORE_68,0,NaN
NUM_SCHED_IDLE_CYCLE_CORE_68,0,0
NUM_NO_SCHED_CYCLE_CORE_68,0,0
CORE_DISPATCHED_INST_CORE_68,0,0
CORE_DISPATCH_WAIT_CORE_68,0,NaN
CORE_CYCLES_CORE_68,0,0
CORE_SCHED_THREADS_CORE_68,0,NaN
CORE_NUM_NO_FETCH_CYCLES_CORE_68,0,0
CORE_NUM_NO_FETCH_CYCLES_WITH_READY_THREADS_CORE_68,0,0
CORE_NUM_FETCH_CYCLES_CORE_68,0,0
CORE_FETCH_DELTA_CORE_68,0,NaN
CORE_NUM_RETIRE_CYCLES_CORE_68,0,0
CORE_RETIRE_DELTA_CORE_68,0,NaN
FENCE_PREF_REQ_CORE_68,0,0
FENCE_WAITING_CORE_68,0,0
DYN_FENCE_NUM_CORE_68,0,0
WB_ORDERING_STALL_CORE_68,0,0
WB_FULL_CORE_68,0,0
FENCE_TOT_CYCLES_CORE_68,0,0
FENCE_EXEC_CYCLES_CORE_68,0,0
STORE_RES_CORE_68,0,0
STORE_NUM_CORE_68,0,0
STORE_WB_FREE_CORE_68,0,0
NUM_SAMPLES_CORE_69,0,0
NUM_ACTIVE_BLOCKS_CORE_69,0,NaN
NUM_ACTIVE_THREADS_CORE_69,0,NaN
NUM_SCHED_IDLE_CYCLE_CORE_69,0,0
NUM_NO_SCHED_CYCLE_CORE_69,0,0
CORE_DISPATCHED_INST_CORE_69,0,0
CORE_DISPATCH_WAIT_CORE_69,0,NaN
CORE_CYCLES_CORE_69,0,0
CORE_SCHED_THREADS_CORE_69,0,NaN
CORE_NUM_NO_FETCH_CYCLES_CORE_69,0,0
CORE_NUM_NO_FETCH_CYCLES_WITH_READY_THREADS_CORE_69,0,0
CORE_NUM_FETCH_CYCLES_CORE_69,0,0
CORE_FETCH_DELTA_CORE_69,0,NaN
CORE_NUM_RETIRE_CYCLES_CORE_69,0,0
CORE_RETIRE_DELTA_CORE_69,0,NaN
FENCE_PREF_REQ_CORE_69,0,0
FENCE_WAITING_CORE_69,0,0
DYN_FENCE_NUM_CORE_69,0,0
WB_ORDERING_STALL_CORE_69,0,0
WB_FULL_CORE_69,0,0
FENCE_TOT_CYCLES_CORE_69,0,0
FENCE_EXEC_CYCLES_CORE_69,0,0
STORE_RES_CORE_69,0,0
STORE_NUM_CORE_69,0,0
STORE_WB_FREE_CORE_69,0,0
NUM_SAMPLES_CORE_70,0,0
NUM_ACTIVE_BLOCKS_CORE_70,0,NaN
NUM_ACTIVE_THREADS_CORE_70,0,NaN
NUM_SCHED_IDLE_CYCLE_CORE_70,0,0
NUM_NO_SCHED_CYCLE_CORE_70,0,0
CORE_DISPATCHED_INST_CORE_70,0,0
CORE_DISPATCH_WAIT_CORE_70,0,NaN
CORE_CYCLES_CORE_70,0,0
CORE_SCHED_THREADS_CORE_70,0,NaN
CORE_NUM_NO_FETCH_CYCLES_CORE_70,0,0
CORE_NUM_NO_FETCH_CYCLES_WITH_READY_THREADS_CORE_70,0,0
CORE_NUM_FETCH_CYCLES_CORE_70,0,0
CORE_FETCH_DELTA_CORE_70,0,NaN
CORE_NUM_RETIRE_CYCLES_CORE_70,0,0
CORE_RETIRE_DELTA_CORE_70,0,NaN
FENCE_PREF_REQ_CORE_70,0,0
FENCE_WAITING_CORE_70,0,0
DYN_FENCE_NUM_CORE_70,0,0
WB_ORDERING_STALL_CORE_70,0,0
WB_FULL_CORE_70,0,0
FENCE_TOT_CYCLES_CORE_70,0,0
FENCE_EXEC_CYCLES_CORE_70,0,0
STORE_RES_CORE_70,0,0
STORE_NUM_CORE_70,0,0
STORE_WB_FREE_CORE_70,0,0
NUM_SAMPLES_CORE_71,0,0
NUM_ACTIVE_BLOCKS_CORE_71,0,NaN
NUM_ACTIVE_THREADS_CORE_71,0,NaN
NUM_SCHED_IDLE_CYCLE_CORE_71,0,0
NUM_NO_SCHED_CYCLE_CORE_71,0,0
CORE_DISPATCHED_INST_CORE_71,0,0
CORE_DISPATCH_WAIT_CORE_71,0,NaN
CORE_CYCLES_CORE_71,0,0
CORE_SCHED_THREADS_CORE_71,0,NaN
CORE_NUM_NO_FETCH_CYCLES_CORE_71,0,0
CORE_NUM_NO_FETCH_CYCLES_WITH_READY_THREADS_CORE_71,0,0
CORE_NUM_FETCH_CYCLES_CORE_71,0,0
CORE_FETCH_DELTA_CORE_71,0,NaN
CORE_NUM_RETIRE_CYCLES_CORE_71,0,0
CORE_RETIRE_DELTA_CORE_71,0,NaN
FENCE_PREF_REQ_CORE_71,0,0
FENCE_WAITING_CORE_71,0,0
DYN_FENCE_NUM_CORE_71,0,0
WB_ORDERING_STALL_CORE_71,0,0
WB_FULL_CORE_71,0,0
FENCE_TOT_CYCLES_CORE_71,0,0
FENCE_EXEC_CYCLES_CORE_71,0,0
STORE_RES_CORE_71,0,0
STORE_NUM_CORE_71,0,0
STORE_WB_FREE_CORE_71,0,0
NUM_SAMPLES_CORE_72,0,0
NUM_ACTIVE_BLOCKS_CORE_72,0,NaN
NUM_ACTIVE_THREADS_CORE_72,0,NaN
NUM_SCHED_IDLE_CYCLE_CORE_72,0,0
NUM_NO_SCHED_CYCLE_CORE_72,0,0
CORE_DISPATCHED_INST_CORE_72,0,0
CORE_DISPATCH_WAIT_CORE_72,0,NaN
CORE_CYCLES_CORE_72,0,0
CORE_SCHED_THREADS_CORE_72,0,NaN
CORE_NUM_NO_FETCH_CYCLES_CORE_72,0,0
CORE_NUM_NO_FETCH_CYCLES_WITH_READY_THREADS_CORE_72,0,0
CORE_NUM_FETCH_CYCLES_CORE_72,0,0
CORE_FETCH_DELTA_CORE_72,0,NaN
CORE_NUM_RETIRE_CYCLES_CORE_72,0,0
CORE_RETIRE_DELTA_CORE_72,0,NaN
FENCE_PREF_REQ_CORE_72,0,0
FENCE_WAITING_CORE_72,0,0
DYN_FENCE_NUM_CORE_72,0,0
WB_ORDERING_STALL_CORE_72,0,0
WB_FULL_CORE_72,0,0
FENCE_TOT_CYCLES_CORE_72,0,0
FENCE_EXEC_CYCLES_CORE_72,0,0
STORE_RES_CORE_72,0,0
STORE_NUM_CORE_72,0,0
STORE_WB_FREE_CORE_72,0,0
NUM_SAMPLES_CORE_73,0,0
NUM_ACTIVE_BLOCKS_CORE_73,0,NaN
NUM_ACTIVE_THREADS_CORE_73,0,NaN
NUM_SCHED_IDLE_CYCLE_CORE_73,0,0
NUM_NO_SCHED_CYCLE_CORE_73,0,0
CORE_DISPATCHED_INST_CORE_73,0,0
CORE_DISPATCH_WAIT_CORE_73,0,NaN
CORE_CYCLES_CORE_73,0,0
CORE_SCHED_THREADS_CORE_73,0,NaN
CORE_NUM_NO_FETCH_CYCLES_CORE_73,0,0
CORE_NUM_NO_FETCH_CYCLES_WITH_READY_THREADS_CORE_73,0,0
CORE_NUM_FETCH_CYCLES_CORE_73,0,0
CORE_FETCH_DELTA_CORE_73,0,NaN
CORE_NUM_RETIRE_CYCLES_CORE_73,0,0
CORE_RETIRE_DELTA_CORE_73,0,NaN
FENCE_PREF_REQ_CORE_73,0,0
FENCE_WAITING_CORE_73,0,0
DYN_FENCE_NUM_CORE_73,0,0
WB_ORDERING_STALL_CORE_73,0,0
WB_FULL_CORE_73,0,0
FENCE_TOT_CYCLES_CORE_73,0,0
FENCE_EXEC_CYCLES_CORE_73,0,0
STORE_RES_CORE_73,0,0
STORE_NUM_CORE_73,0,0
STORE_WB_FREE_CORE_73,0,0
NUM_SAMPLES_CORE_74,0,0
NUM_ACTIVE_BLOCKS_CORE_74,0,NaN
NUM_ACTIVE_THREADS_CORE_74,0,NaN
NUM_SCHED_IDLE_CYCLE_CORE_74,0,0
NUM_NO_SCHED_CYCLE_CORE_74,0,0
CORE_DISPATCHED_INST_CORE_74,0,0
CORE_DISPATCH_WAIT_CORE_74,0,NaN
CORE_CYCLES_CORE_74,0,0
CORE_SCHED_THREADS_CORE_74,0,NaN
CORE_NUM_NO_FETCH_CYCLES_CORE_74,0,0
CORE_NUM_NO_FETCH_CYCLES_WITH_READY_THREADS_CORE_74,0,0
CORE_NUM_FETCH_CYCLES_CORE_74,0,0
CORE_FETCH_DELTA_CORE_74,0,NaN
CORE_NUM_RETIRE_CYCLES_CORE_74,0,0
CORE_RETIRE_DELTA_CORE_74,0,NaN
FENCE_PREF_REQ_CORE_74,0,0
FENCE_WAITING_CORE_74,0,0
DYN_FENCE_NUM_CORE_74,0,0
WB_ORDERING_STALL_CORE_74,0,0
WB_FULL_CORE_74,0,0
FENCE_TOT_CYCLES_CORE_74,0,0
FENCE_EXEC_CYCLES_CORE_74,0,0
STORE_RES_CORE_74,0,0
STORE_NUM_CORE_74,0,0
STORE_WB_FREE_CORE_74,0,0
NUM_SAMPLES_CORE_75,0,0
NUM_ACTIVE_BLOCKS_CORE_75,0,NaN
NUM_ACTIVE_THREADS_CORE_75,0,NaN
NUM_SCHED_IDLE_CYCLE_CORE_75,0,0
NUM_NO_SCHED_CYCLE_CORE_75,0,0
CORE_DISPATCHED_INST_CORE_75,0,0
CORE_DISPATCH_WAIT_CORE_75,0,NaN
CORE_CYCLES_CORE_75,0,0
CORE_SCHED_THREADS_CORE_75,0,NaN
CORE_NUM_NO_FETCH_CYCLES_CORE_75,0,0
CORE_NUM_NO_FETCH_CYCLES_WITH_READY_THREADS_CORE_75,0,0
CORE_NUM_FETCH_CYCLES_CORE_75,0,0
CORE_FETCH_DELTA_CORE_75,0,NaN
CORE_NUM_RETIRE_CYCLES_CORE_75,0,0
CORE_RETIRE_DELTA_CORE_75,0,NaN
FENCE_PREF_REQ_CORE_75,0,0
FENCE_WAITING_CORE_75,0,0
DYN_FENCE_NUM_CORE_75,0,0
WB_ORDERING_STALL_CORE_75,0,0
WB_FULL_CORE_75,0,0
FENCE_TOT_CYCLES_CORE_75,0,0
FENCE_EXEC_CYCLES_CORE_75,0,0
STORE_RES_CORE_75,0,0
STORE_NUM_CORE_75,0,0
STORE_WB_FREE_CORE_75,0,0
NUM_SAMPLES_CORE_76,0,0
NUM_ACTIVE_BLOCKS_CORE_76,0,NaN
NUM_ACTIVE_THREADS_CORE_76,0,NaN
NUM_SCHED_IDLE_CYCLE_CORE_76,0,0
NUM_NO_SCHED_CYCLE_CORE_76,0,0
CORE_DISPATCHED_INST_CORE_76,0,0
CORE_DISPATCH_WAIT_CORE_76,0,NaN
CORE_CYCLES_CORE_76,0,0
CORE_SCHED_THREADS_CORE_76,0,NaN
CORE_NUM_NO_FETCH_CYCLES_CORE_76,0,0
CORE_NUM_NO_FETCH_CYCLES_WITH_READY_THREADS_CORE_76,0,0
CORE_NUM_FETCH_CYCLES_CORE_76,0,0
CORE_FETCH_DELTA_CORE_76,0,NaN
CORE_NUM_RETIRE_CYCLES_CORE_76,0,0
CORE_RETIRE_DELTA_CORE_76,0,NaN
FENCE_PREF_REQ_CORE_76,0,0
FENCE_WAITING_CORE_76,0,0
DYN_FENCE_NUM_CORE_76,0,0
WB_ORDERING_STALL_CORE_76,0,0
WB_FULL_CORE_76,0,0
FENCE_TOT_CYCLES_CORE_76,0,0
FENCE_EXEC_CYCLES_CORE_76,0,0
STORE_RES_CORE_76,0,0
STORE_NUM_CORE_76,0,0
STORE_WB_FREE_CORE_76,0,0
NUM_SAMPLES_CORE_77,0,0
NUM_ACTIVE_BLOCKS_CORE_77,0,NaN
NUM_ACTIVE_THREADS_CORE_77,0,NaN
NUM_SCHED_IDLE_CYCLE_CORE_77,0,0
NUM_NO_SCHED_CYCLE_CORE_77,0,0
CORE_DISPATCHED_INST_CORE_77,0,0
CORE_DISPATCH_WAIT_CORE_77,0,NaN
CORE_CYCLES_CORE_77,0,0
CORE_SCHED_THREADS_CORE_77,0,NaN
CORE_NUM_NO_FETCH_CYCLES_CORE_77,0,0
CORE_NUM_NO_FETCH_CYCLES_WITH_READY_THREADS_CORE_77,0,0
CORE_NUM_FETCH_CYCLES_CORE_77,0,0
CORE_FETCH_DELTA_CORE_77,0,NaN
CORE_NUM_RETIRE_CYCLES_CORE_77,0,0
CORE_RETIRE_DELTA_CORE_77,0,NaN
FENCE_PREF_REQ_CORE_77,0,0
FENCE_WAITING_CORE_77,0,0
DYN_FENCE_NUM_CORE_77,0,0
WB_ORDERING_STALL_CORE_77,0,0
WB_FULL_CORE_77,0,0
FENCE_TOT_CYCLES_CORE_77,0,0
FENCE_EXEC_CYCLES_CORE_77,0,0
STORE_RES_CORE_77,0,0
STORE_NUM_CORE_77,0,0
STORE_WB_FREE_CORE_77,0,0
NUM_SAMPLES_CORE_78,0,0
NUM_ACTIVE_BLOCKS_CORE_78,0,NaN
NUM_ACTIVE_THREADS_CORE_78,0,NaN
NUM_SCHED_IDLE_CYCLE_CORE_78,0,0
NUM_NO_SCHED_CYCLE_CORE_78,0,0
CORE_DISPATCHED_INST_CORE_78,0,0
CORE_DISPATCH_WAIT_CORE_78,0,NaN
CORE_CYCLES_CORE_78,0,0
CORE_SCHED_THREADS_CORE_78,0,NaN
CORE_NUM_NO_FETCH_CYCLES_CORE_78,0,0
CORE_NUM_NO_FETCH_CYCLES_WITH_READY_THREADS_CORE_78,0,0
CORE_NUM_FETCH_CYCLES_CORE_78,0,0
CORE_FETCH_DELTA_CORE_78,0,NaN
CORE_NUM_RETIRE_CYCLES_CORE_78,0,0
CORE_RETIRE_DELTA_CORE_78,0,NaN
FENCE_PREF_REQ_CORE_78,0,0
FENCE_WAITING_CORE_78,0,0
DYN_FENCE_NUM_CORE_78,0,0
WB_ORDERING_STALL_CORE_78,0,0
WB_FULL_CORE_78,0,0
FENCE_TOT_CYCLES_CORE_78,0,0
FENCE_EXEC_CYCLES_CORE_78,0,0
STORE_RES_CORE_78,0,0
STORE_NUM_CORE_78,0,0
STORE_WB_FREE_CORE_78,0,0
NUM_SAMPLES_CORE_79,0,0
NUM_ACTIVE_BLOCKS_CORE_79,0,NaN
NUM_ACTIVE_THREADS_CORE_79,0,NaN
NUM_SCHED_IDLE_CYCLE_CORE_79,0,0
NUM_NO_SCHED_CYCLE_CORE_79,0,0
CORE_DISPATCHED_INST_CORE_79,0,0
CORE_DISPATCH_WAIT_CORE_79,0,NaN
CORE_CYCLES_CORE_79,0,0
CORE_SCHED_THREADS_CORE_79,0,NaN
CORE_NUM_NO_FETCH_CYCLES_CORE_79,0,0
CORE_NUM_NO_FETCH_CYCLES_WITH_READY_THREADS_CORE_79,0,0
CORE_NUM_FETCH_CYCLES_CORE_79,0,0
CORE_FETCH_DELTA_CORE_79,0,NaN
CORE_NUM_RETIRE_CYCLES_CORE_79,0,0
CORE_RETIRE_DELTA_CORE_79,0,NaN
FENCE_PREF_REQ_CORE_79,0,0
FENCE_WAITING_CORE_79,0,0
DYN_FENCE_NUM_CORE_79,0,0
WB_ORDERING_STALL_CORE_79,0,0
WB_FULL_CORE_79,0,0
FENCE_TOT_CYCLES_CORE_79,0,0
FENCE_EXEC_CYCLES_CORE_79,0,0
STORE_RES_CORE_79,0,0
STORE_NUM_CORE_79,0,0
STORE_WB_FREE_CORE_79,0,0
NUM_SAMPLES_CORE_80,0,0
NUM_ACTIVE_BLOCKS_CORE_80,0,NaN
NUM_ACTIVE_THREADS_CORE_80,0,NaN
NUM_SCHED_IDLE_CYCLE_CORE_80,0,0
NUM_NO_SCHED_CYCLE_CORE_80,0,0
CORE_DISPATCHED_INST_CORE_80,0,0
CORE_DISPATCH_WAIT_CORE_80,0,NaN
CORE_CYCLES_CORE_80,0,0
CORE_SCHED_THREADS_CORE_80,0,NaN
CORE_NUM_NO_FETCH_CYCLES_CORE_80,0,0
CORE_NUM_NO_FETCH_CYCLES_WITH_READY_THREADS_CORE_80,0,0
CORE_NUM_FETCH_CYCLES_CORE_80,0,0
CORE_FETCH_DELTA_CORE_80,0,NaN
CORE_NUM_RETIRE_CYCLES_CORE_80,0,0
CORE_RETIRE_DELTA_CORE_80,0,NaN
FENCE_PREF_REQ_CORE_80,0,0
FENCE_WAITING_CORE_80,0,0
DYN_FENCE_NUM_CORE_80,0,0
WB_ORDERING_STALL_CORE_80,0,0
WB_FULL_CORE_80,0,0
FENCE_TOT_CYCLES_CORE_80,0,0
FENCE_EXEC_CYCLES_CORE_80,0,0
STORE_RES_CORE_80,0,0
STORE_NUM_CORE_80,0,0
STORE_WB_FREE_CORE_80,0,0
NUM_SAMPLES_CORE_81,0,0
NUM_ACTIVE_BLOCKS_CORE_81,0,NaN
NUM_ACTIVE_THREADS_CORE_81,0,NaN
NUM_SCHED_IDLE_CYCLE_CORE_81,0,0
NUM_NO_SCHED_CYCLE_CORE_81,0,0
CORE_DISPATCHED_INST_CORE_81,0,0
CORE_DISPATCH_WAIT_CORE_81,0,NaN
CORE_CYCLES_CORE_81,0,0
CORE_SCHED_THREADS_CORE_81,0,NaN
CORE_NUM_NO_FETCH_CYCLES_CORE_81,0,0
CORE_NUM_NO_FETCH_CYCLES_WITH_READY_THREADS_CORE_81,0,0
CORE_NUM_FETCH_CYCLES_CORE_81,0,0
CORE_FETCH_DELTA_CORE_81,0,NaN
CORE_NUM_RETIRE_CYCLES_CORE_81,0,0
CORE_RETIRE_DELTA_CORE_81,0,NaN
FENCE_PREF_REQ_CORE_81,0,0
FENCE_WAITING_CORE_81,0,0
DYN_FENCE_NUM_CORE_81,0,0
WB_ORDERING_STALL_CORE_81,0,0
WB_FULL_CORE_81,0,0
FENCE_TOT_CYCLES_CORE_81,0,0
FENCE_EXEC_CYCLES_CORE_81,0,0
STORE_RES_CORE_81,0,0
STORE_NUM_CORE_81,0,0
STORE_WB_FREE_CORE_81,0,0
NUM_SAMPLES_CORE_82,0,0
NUM_ACTIVE_BLOCKS_CORE_82,0,NaN
NUM_ACTIVE_THREADS_CORE_82,0,NaN
NUM_SCHED_IDLE_CYCLE_CORE_82,0,0
NUM_NO_SCHED_CYCLE_CORE_82,0,0
CORE_DISPATCHED_INST_CORE_82,0,0
CORE_DISPATCH_WAIT_CORE_82,0,NaN
CORE_CYCLES_CORE_82,0,0
CORE_SCHED_THREADS_CORE_82,0,NaN
CORE_NUM_NO_FETCH_CYCLES_CORE_82,0,0
CORE_NUM_NO_FETCH_CYCLES_WITH_READY_THREADS_CORE_82,0,0
CORE_NUM_FETCH_CYCLES_CORE_82,0,0
CORE_FETCH_DELTA_CORE_82,0,NaN
CORE_NUM_RETIRE_CYCLES_CORE_82,0,0
CORE_RETIRE_DELTA_CORE_82,0,NaN
FENCE_PREF_REQ_CORE_82,0,0
FENCE_WAITING_CORE_82,0,0
DYN_FENCE_NUM_CORE_82,0,0
WB_ORDERING_STALL_CORE_82,0,0
WB_FULL_CORE_82,0,0
FENCE_TOT_CYCLES_CORE_82,0,0
FENCE_EXEC_CYCLES_CORE_82,0,0
STORE_RES_CORE_82,0,0
STORE_NUM_CORE_82,0,0
STORE_WB_FREE_CORE_82,0,0
NUM_SAMPLES_CORE_83,0,0
NUM_ACTIVE_BLOCKS_CORE_83,0,NaN
NUM_ACTIVE_THREADS_CORE_83,0,NaN
NUM_SCHED_IDLE_CYCLE_CORE_83,0,0
NUM_NO_SCHED_CYCLE_CORE_83,0,0
CORE_DISPATCHED_INST_CORE_83,0,0
CORE_DISPATCH_WAIT_CORE_83,0,NaN
CORE_CYCLES_CORE_83,0,0
CORE_SCHED_THREADS_CORE_83,0,NaN
CORE_NUM_NO_FETCH_CYCLES_CORE_83,0,0
CORE_NUM_NO_FETCH_CYCLES_WITH_READY_THREADS_CORE_83,0,0
CORE_NUM_FETCH_CYCLES_CORE_83,0,0
CORE_FETCH_DELTA_CORE_83,0,NaN
CORE_NUM_RETIRE_CYCLES_CORE_83,0,0
CORE_RETIRE_DELTA_CORE_83,0,NaN
FENCE_PREF_REQ_CORE_83,0,0
FENCE_WAITING_CORE_83,0,0
DYN_FENCE_NUM_CORE_83,0,0
WB_ORDERING_STALL_CORE_83,0,0
WB_FULL_CORE_83,0,0
FENCE_TOT_CYCLES_CORE_83,0,0
FENCE_EXEC_CYCLES_CORE_83,0,0
STORE_RES_CORE_83,0,0
STORE_NUM_CORE_83,0,0
STORE_WB_FREE_CORE_83,0,0
